duration_months,credit_amount,installment_rate,residence_since,age,existing_credits,num_dependents,checking_status,credit_history,purpose,savings_status,employment,personal_status,other_parties,property_magnitude,other_payment_plans,housing,job,telephone,foreign_worker,credit_risk
54,4925,4,4,72,4,0,1,1,9,3,4,2,0,2,2,0,2,1,0,1
17,16532,2,1,51,1,2,0,2,7,2,3,3,0,0,1,1,2,1,0,1
63,2698,4,3,68,3,0,1,2,10,1,1,2,1,2,0,0,2,1,1,1
23,3952,4,2,56,4,0,1,1,8,3,3,4,1,2,2,2,2,1,0,1
26,9606,4,4,45,2,2,2,2,2,4,3,3,0,1,2,1,2,1,0,1
5,14359,2,1,52,1,0,0,2,3,0,0,1,0,3,2,0,2,0,1,1
24,18192,4,1,33,2,2,1,1,3,1,2,4,0,0,2,0,1,1,0,1
55,9205,3,3,50,1,1,3,2,8,0,2,2,0,2,2,0,0,0,0,1
4,10612,1,4,39,4,0,0,1,6,0,3,3,0,1,2,1,2,0,0,1
32,5341,1,3,64,3,1,1,4,2,2,1,4,0,1,2,0,2,1,0,1
40,15858,4,3,23,3,1,0,3,9,3,3,1,1,1,1,0,2,1,1,0
4,1909,1,4,24,3,0,2,3,4,0,4,3,2,1,0,1,1,0,0,1
66,5066,2,4,56,1,2,1,1,6,3,4,4,0,0,2,1,3,0,0,0
62,11882,2,4,40,4,0,1,3,7,3,4,4,0,1,1,0,1,0,0,1
23,18439,1,2,36,2,1,1,3,0,4,4,4,0,1,1,0,3,0,0,1
35,15096,2,4,32,4,1,3,3,1,0,0,0,0,2,0,1,2,1,1,1
60,1304,1,1,28,2,2,0,1,6,4,3,2,0,0,1,2,2,0,0,1
24,13721,1,3,64,1,0,0,2,10,1,2,3,0,2,0,0,3,1,0,0
51,1779,1,2,31,1,1,3,3,1,2,4,3,0,0,2,1,2,1,0,1
61,13692,4,4,49,2,1,1,2,6,0,2,3,1,0,2,0,1,1,1,1
44,7583,1,2,48,2,1,3,2,8,0,4,4,0,1,2,0,2,1,0,1
62,11593,4,4,21,2,2,1,2,10,2,3,2,1,0,2,1,1,0,0,1
17,18271,1,2,48,4,1,2,2,1,1,4,1,1,2,2,0,2,0,0,0
64,13380,1,3,24,2,1,1,0,6,0,0,3,2,1,0,1,2,1,0,1
64,16017,1,3,47,1,0,2,2,3,0,1,2,0,3,2,1,3,0,0,0
49,19563,2,1,26,1,0,3,1,10,2,4,2,0,3,1,2,2,1,0,1
64,2606,4,1,62,3,1,1,2,1,0,0,0,0,1,2,0,0,0,0,1
53,16586,4,4,63,2,1,0,1,6,3,4,3,0,2,2,0,3,0,0,1
57,5331,1,3,61,4,0,1,2,4,0,0,4,0,0,2,2,2,0,0,1
66,19652,1,2,62,4,2,0,1,0,0,3,2,0,1,2,0,2,0,0,1
5,3686,2,2,51,4,2,0,2,4,1,2,2,0,2,2,1,2,1,0,1
53,3073,2,2,35,3,2,1,3,2,1,3,1,0,0,2,0,2,0,1,0
9,13308,2,1,66,1,2,1,1,6,1,3,0,2,0,0,0,2,1,0,1
23,3099,4,2,29,4,2,1,1,5,1,2,2,0,0,2,0,2,1,0,0
41,4533,4,1,31,1,2,1,1,7,4,1,2,0,1,2,1,1,1,0,1
20,8928,4,1,68,3,2,2,3,4,2,0,4,0,1,2,1,3,1,0,0
6,1804,1,4,29,2,2,0,2,1,0,3,4,1,1,1,0,2,1,1,1
62,18185,4,2,49,2,0,0,2,8,1,3,1,0,1,2,1,2,0,0,1
16,19425,3,2,46,2,2,0,1,10,3,3,1,0,1,0,0,2,1,0,1
11,18935,3,3,62,4,2,1,2,7,1,3,1,0,2,0,0,2,0,0,0
55,9133,2,4,24,2,2,0,3,5,0,2,4,0,0,2,1,1,1,0,0
4,11872,4,3,59,4,1,1,3,9,3,2,4,0,2,2,1,1,1,0,0
62,9496,3,4,34,3,0,1,2,6,2,0,0,0,2,2,0,0,1,1,0
46,16958,2,2,22,3,0,2,1,8,2,2,3,0,2,2,0,3,0,0,1
10,5975,4,1,53,4,0,0,1,6,0,4,3,0,2,2,2,2,0,0,1
49,7684,1,1,66,1,2,2,0,2,0,4,0,0,1,2,1,2,1,0,1
37,13375,3,1,74,2,2,2,1,5,2,2,3,2,0,2,1,1,1,0,1
38,2122,1,1,44,2,1,2,1,10,0,3,4,2,1,2,0,2,0,0,1
52,16488,4,1,75,2,0,3,1,10,1,4,3,0,3,2,1,2,1,0,1
6,8541,3,3,30,4,2,0,2,6,1,2,4,0,2,2,0,2,1,0,1
4,17225,4,4,29,3,0,0,4,1,0,0,0,0,0,2,2,3,1,0,0
8,18958,1,2,55,2,1,3,2,2,4,0,1,0,0,0,0,2,1,0,1
56,8492,3,3,43,3,1,1,3,3,3,3,0,0,3,2,0,2,0,0,1
6,16146,1,4,36,2,1,1,3,9,2,4,3,0,0,0,1,2,1,0,0
56,17529,4,1,37,2,0,2,1,5,0,3,4,0,0,0,1,3,1,0,0
65,4763,4,4,41,4,2,2,3,0,0,0,3,0,1,0,1,1,0,0,0
20,14560,1,4,73,1,2,3,1,8,1,1,3,0,3,2,0,2,1,0,1
46,15656,3,1,56,4,1,3,2,4,0,4,1,0,1,2,1,2,0,0,1
36,9146,1,1,72,2,2,2,2,6,4,4,3,0,1,2,1,0,1,0,1
64,12164,4,1,36,2,1,1,4,8,0,3,1,0,2,2,0,2,0,0,1
16,3469,1,2,44,1,0,3,1,8,1,3,4,0,0,2,1,2,1,0,0
50,3528,4,1,24,3,1,0,1,0,1,0,4,0,3,2,2,1,1,0,1
17,19565,1,2,22,3,0,0,4,0,2,4,1,0,1,2,0,2,1,0,1
64,4129,3,1,62,2,1,3,0,2,0,4,0,0,1,2,0,2,0,0,0
42,3567,3,2,69,3,2,1,2,5,1,2,4,0,3,2,0,2,1,0,1
55,6441,1,4,47,2,2,0,3,1,0,3,0,0,3,2,0,1,1,0,0
26,18270,1,3,52,1,1,0,3,9,3,1,4,0,1,2,1,3,0,0,0
28,19750,3,4,35,1,2,3,4,10,0,0,4,0,0,1,1,0,1,0,0
62,12055,4,4,61,2,2,1,4,0,4,1,2,0,3,2,1,2,1,0,0
43,13581,3,1,61,1,2,2,1,0,3,1,3,0,1,2,0,1,1,1,1
31,7319,4,2,71,4,0,0,3,4,0,2,3,2,3,2,1,2,0,0,0
17,11546,1,3,34,4,2,2,2,3,3,2,0,2,3,2,1,1,0,0,0
47,18217,1,1,20,1,0,2,2,0,0,3,3,0,0,2,2,1,0,1,0
67,3211,4,1,52,2,1,1,1,3,4,2,0,2,3,2,0,1,1,0,1
11,5353,1,1,73,2,2,1,2,2,1,2,4,0,1,2,1,2,0,0,1
3,8215,4,4,26,1,2,0,4,1,1,0,2,0,2,1,2,2,1,1,0
10,9442,2,2,31,3,2,3,4,8,1,3,2,0,0,2,1,1,0,0,0
65,16007,3,2,60,4,1,2,2,10,0,2,4,1,3,2,0,3,0,0,1
13,16326,2,3,26,3,0,3,0,0,4,2,1,0,2,1,0,2,1,0,1
10,2262,4,2,48,2,0,1,2,6,0,4,1,1,2,2,1,2,1,0,1
37,16350,3,2,50,2,2,2,3,3,2,3,3,0,3,2,0,1,0,0,1
37,12612,4,1,54,3,1,2,3,4,1,4,0,0,1,1,2,2,1,0,0
35,13152,3,1,65,1,1,2,2,9,4,2,2,0,1,2,1,3,1,0,1
7,6622,3,4,48,3,1,3,1,4,0,1,3,0,3,2,0,2,1,0,1
43,981,3,1,19,3,1,1,2,0,1,3,4,0,2,2,1,2,1,0,0
30,15036,3,1,61,4,1,0,2,5,1,1,2,0,3,1,0,1,1,1,1
9,653,4,1,57,4,0,2,4,8,2,2,0,0,3,2,0,3,0,0,0
14,8117,3,1,35,3,0,2,2,1,0,0,0,0,1,2,1,1,1,0,1
36,2024,3,4,38,3,0,1,2,6,0,4,1,0,1,1,1,2,1,0,1
35,2620,2,1,42,2,2,0,2,5,0,1,3,1,1,0,0,1,1,0,0
50,15548,1,3,68,4,1,1,1,4,2,4,4,0,2,2,1,2,0,0,1
25,2843,1,3,40,4,2,1,4,3,0,4,2,0,1,2,0,1,1,0,0
64,5636,2,3,47,2,1,1,2,3,2,2,0,0,2,0,1,3,1,1,1
39,1740,2,3,40,1,0,2,2,5,0,3,2,0,0,2,1,2,0,0,1
46,560,4,1,62,4,2,2,2,3,3,3,4,2,0,2,0,2,0,0,0
37,9630,4,3,27,4,0,0,2,4,4,4,2,1,0,2,2,1,1,0,1
67,18523,4,1,55,1,1,1,2,5,1,2,3,0,0,1,1,2,0,0,1
49,12812,2,4,28,4,1,1,3,4,1,4,1,0,2,2,1,2,1,0,1
5,13850,2,3,54,4,1,0,1,6,0,2,2,1,0,1,1,2,0,0,1
3,12918,3,2,55,1,0,2,2,8,0,4,1,1,0,2,0,1,0,1,1
7,1752,4,3,46,1,1,3,1,9,0,2,4,1,0,2,0,3,0,0,0
16,8863,4,3,46,3,0,1,2,6,2,2,1,1,2,2,1,2,0,0,0
29,10150,4,1,60,2,2,2,0,6,1,4,2,0,3,2,2,3,0,1,1
11,19206,1,3,61,2,1,3,2,3,4,4,2,0,0,2,1,0,1,0,1
17,16814,3,2,39,1,1,2,3,0,1,3,0,0,2,2,0,1,1,0,1
44,4590,4,1,42,1,1,0,3,7,2,1,2,0,1,0,1,1,0,1,0
53,7460,4,1,60,4,2,3,2,3,1,2,1,0,0,2,0,3,1,0,1
65,3504,4,4,58,3,1,1,2,0,1,4,0,0,2,1,0,2,1,0,1
54,17213,1,4,20,3,0,1,1,4,0,4,2,0,0,2,1,3,1,0,1
6,4140,1,3,73,1,0,0,2,7,1,4,2,0,2,2,1,3,1,0,0
25,1841,2,4,26,4,1,1,3,3,1,0,4,0,0,2,0,2,1,0,0
17,12355,3,4,66,4,1,0,1,7,2,2,0,0,3,2,1,2,1,0,1
45,838,2,4,45,2,2,0,2,7,4,3,4,0,0,2,1,2,1,0,0
31,6395,3,1,40,2,2,1,3,2,1,4,4,1,2,2,0,2,0,0,0
38,12754,1,1,55,4,2,2,3,8,0,0,4,1,3,2,1,2,1,0,1
15,19592,4,1,45,2,1,3,1,2,1,4,3,0,0,1,0,2,0,0,1
34,11844,2,4,75,1,2,1,2,0,1,3,4,0,1,2,1,3,0,0,1
61,2250,4,1,47,4,2,3,1,1,0,1,1,0,1,2,1,2,1,0,1
30,2921,2,4,21,2,0,3,1,5,3,2,2,0,2,2,1,3,1,0,1
68,7619,1,1,62,3,2,2,4,9,4,2,3,0,0,0,2,0,0,0,1
44,5819,1,1,31,4,0,0,3,1,4,3,4,0,0,2,0,2,1,0,0
47,16396,1,2,63,4,0,2,3,5,0,0,2,1,2,2,1,1,0,0,0
64,12418,2,3,28,3,2,3,0,0,3,1,0,0,1,0,1,1,0,0,1
59,14349,3,4,54,1,0,2,3,10,2,4,0,0,2,0,1,3,1,0,1
8,5373,2,2,27,3,1,1,2,0,1,1,2,0,0,2,1,3,1,0,1
30,5306,3,1,72,4,1,1,2,4,1,1,1,0,1,2,1,3,1,0,1
30,9092,2,4,74,1,2,2,2,9,3,2,2,0,2,2,1,3,1,0,1
46,12682,2,1,73,2,1,1,1,10,1,3,2,1,2,1,0,1,1,0,1
32,17274,1,3,45,2,0,0,3,8,1,4,3,0,1,2,0,1,0,0,0
64,12545,4,2,52,2,1,1,2,7,1,2,0,0,1,2,1,2,0,0,1
64,4930,4,3,69,4,2,2,1,2,2,4,0,0,1,2,1,3,1,1,1
3,9320,3,2,19,3,2,3,1,2,0,3,4,0,0,2,2,0,1,0,1
29,4732,4,1,50,1,0,0,1,0,4,1,2,0,1,2,0,3,1,0,1
64,11622,2,3,43,2,2,3,1,2,2,1,2,0,0,2,0,2,0,0,1
5,15523,2,3,47,1,1,1,2,10,2,2,1,0,2,2,1,3,0,0,1
72,8507,1,1,25,4,2,2,3,0,0,2,0,0,2,2,1,2,1,0,0
29,18405,1,3,67,2,0,2,0,7,2,3,1,1,1,2,2,2,0,0,0
11,9518,4,4,21,4,2,2,0,0,0,3,3,0,1,2,0,3,0,0,1
64,2000,3,2,38,3,1,3,2,4,0,2,4,0,0,2,0,3,0,0,1
39,7237,4,2,38,4,0,1,3,8,1,1,1,0,1,2,1,1,0,0,1
53,3794,4,2,71,4,1,3,2,6,1,1,0,0,3,2,0,3,1,0,1
46,19303,4,4,48,3,0,0,2,3,2,3,3,0,2,0,2,3,1,0,1
26,19926,4,2,53,1,2,2,2,10,0,2,2,0,2,2,1,0,0,0,1
61,4997,2,1,53,3,0,2,1,8,1,3,3,0,3,1,0,1,0,0,0
34,18350,3,3,67,3,0,2,0,8,0,1,1,0,1,2,0,2,1,0,0
54,1114,2,4,57,4,2,1,3,1,4,3,0,0,0,0,0,2,0,1,0
64,9874,3,2,45,1,1,3,2,9,2,4,1,0,2,2,1,2,1,0,1
60,3167,1,1,44,2,2,0,2,9,2,2,2,0,0,2,0,1,1,1,0
54,13909,4,3,32,3,0,0,3,10,1,2,2,0,2,2,0,2,1,0,0
14,17014,2,3,35,1,2,2,2,5,0,4,0,2,2,2,2,2,1,0,1
41,3483,3,4,36,3,0,1,1,3,4,2,4,0,2,2,0,1,0,0,0
4,13151,1,4,63,3,2,2,2,7,0,3,3,0,1,2,1,2,1,0,1
5,8730,1,4,70,3,2,1,1,10,1,0,3,0,1,2,0,1,0,0,1
58,7140,4,1,47,3,1,0,1,6,2,3,2,0,2,2,1,1,0,0,1
61,12279,3,1,38,4,0,2,2,6,0,0,1,0,3,1,0,2,0,0,0
4,15817,2,4,71,1,1,1,3,10,3,4,1,1,2,2,0,3,1,0,1
4,17804,4,2,45,1,0,0,4,9,1,3,4,0,3,2,1,1,0,0,0
56,8064,2,3,36,1,2,2,2,8,0,4,1,2,0,2,0,2,0,0,1
3,16020,1,3,22,3,0,1,1,4,0,3,3,0,1,2,1,2,1,0,1
21,14237,2,1,19,4,1,2,1,5,0,3,1,0,1,2,0,2,1,0,1
4,9823,2,3,68,3,1,1,3,0,3,2,4,0,0,2,1,2,0,0,0
55,15729,4,2,19,3,1,2,2,5,2,4,3,0,3,2,2,2,1,0,1
46,12213,2,3,44,1,0,2,2,1,0,4,1,0,3,2,0,0,0,0,0
34,9002,4,1,63,3,1,2,3,5,0,2,3,1,0,2,0,3,1,0,0
72,1045,1,1,38,2,1,0,3,8,2,4,2,0,0,2,1,0,0,0,0
34,4846,4,2,70,3,1,2,3,7,2,3,2,1,1,2,1,3,1,0,0
70,10496,4,2,41,2,2,2,1,8,1,3,2,1,3,2,0,3,0,0,1
57,16275,3,3,28,3,2,2,3,9,1,2,1,2,1,2,1,2,1,0,0
58,14419,2,3,29,4,0,1,3,7,0,1,4,0,0,0,0,1,0,0,1
19,4310,1,1,59,4,0,3,1,2,2,0,3,0,0,0,0,2,0,0,1
40,7706,4,2,59,1,1,2,2,7,4,1,0,0,1,2,2,2,0,0,1
26,9505,1,2,23,3,2,0,2,5,0,3,2,0,3,2,1,3,0,1,1
71,16871,3,2,19,2,1,1,4,5,2,2,2,0,1,2,1,2,1,0,0
72,12816,2,3,35,2,1,3,0,5,1,2,0,0,1,1,0,2,1,0,0
13,18916,4,2,40,3,2,0,2,2,1,4,0,0,0,2,0,3,1,0,1
18,8936,2,1,52,2,2,3,1,9,0,2,1,1,1,0,1,3,1,0,1
61,13484,3,1,74,4,2,2,3,0,3,2,3,1,2,2,0,2,1,0,1
72,771,3,3,63,2,0,2,1,3,1,1,2,0,1,2,0,3,1,0,1
5,18655,1,4,59,1,0,1,1,9,1,0,4,0,1,2,0,2,0,1,0
22,11116,4,3,47,4,1,0,2,5,1,4,1,0,3,2,1,2,1,0,1
61,4861,1,4,22,4,0,3,4,10,0,3,1,0,0,2,0,2,0,0,1
38,7569,3,2,23,4,2,1,1,9,0,4,4,0,2,2,0,2,1,1,1
21,17804,2,3,29,3,2,2,1,1,2,1,4,0,1,2,1,2,1,0,1
69,3930,1,1,74,3,0,1,3,6,0,3,4,0,1,1,1,2,1,1,0
21,13176,1,2,69,4,1,0,2,6,2,2,0,0,2,1,0,2,1,0,1
22,11316,2,1,39,3,1,0,4,10,1,1,2,0,3,2,1,2,0,0,0
54,2550,1,2,53,2,0,1,1,3,1,0,0,0,2,0,0,2,1,0,0
35,12192,2,3,30,3,1,3,2,3,1,1,2,2,0,0,1,3,1,0,0
42,1665,4,4,44,3,1,1,1,0,1,2,0,0,1,2,1,2,1,0,0
41,2533,2,2,69,4,1,1,1,1,0,1,3,0,1,2,0,1,1,0,0
3,645,4,4,37,1,2,1,2,8,1,4,2,0,1,2,0,3,1,0,1
13,14769,2,2,63,1,2,1,2,9,2,2,1,0,2,2,1,3,1,0,1
59,8332,3,1,25,1,0,1,3,7,2,1,2,0,0,0,2,2,1,1,0
52,14786,3,1,65,2,2,3,2,7,0,1,2,0,1,2,1,1,1,0,1
25,3132,4,2,73,3,1,1,2,8,1,3,2,0,2,0,0,3,1,0,1
33,4994,4,4,25,1,2,1,2,6,0,0,3,0,1,2,0,3,1,0,0
44,15652,3,3,44,4,0,0,4,8,0,4,0,0,2,0,0,1,1,0,0
9,9655,4,3,58,1,2,3,1,9,0,4,1,0,0,2,0,1,1,1,1
18,10926,2,1,23,1,1,0,1,1,3,1,0,0,1,2,1,2,0,0,1
62,10733,2,3,39,3,1,0,2,5,0,2,0,1,3,0,1,2,1,0,1
4,2328,3,1,32,3,0,2,2,2,0,0,4,0,1,2,0,1,1,0,1
3,12760,1,3,22,3,2,1,1,10,0,3,3,1,1,0,0,2,0,0,1
50,9630,2,2,41,2,2,1,4,5,0,2,4,2,2,2,1,2,0,0,0
14,5305,4,1,60,2,2,1,1,2,2,2,3,0,3,2,0,3,0,0,1
71,1306,1,1,38,1,1,2,3,7,0,1,0,2,3,1,2,2,1,0,1
39,8702,1,2,33,3,0,0,1,10,0,3,0,1,2,2,1,2,0,0,1
34,2368,2,1,68,1,2,2,2,3,2,2,3,2,0,0,1,3,1,0,1
11,15061,2,3,70,4,1,2,4,9,1,1,0,0,3,2,1,2,1,0,0
21,16012,1,3,63,4,1,1,1,5,2,3,0,0,2,2,1,2,1,0,1
50,15399,1,1,47,3,1,1,4,8,2,3,1,1,1,2,0,3,0,0,0
5,16720,3,3,26,3,2,1,2,1,0,4,4,0,3,2,2,2,1,0,1
22,16434,4,4,59,4,2,2,4,1,2,1,4,0,1,2,0,3,1,0,1
26,5929,3,1,66,3,2,1,2,6,0,4,4,0,0,2,0,1,0,0,1
56,9576,2,2,37,2,2,1,2,1,1,3,2,0,3,2,1,1,1,0,1
35,4064,3,4,66,2,2,1,1,1,1,1,1,0,1,1,0,3,1,0,1
26,1889,3,1,57,3,2,3,2,3,0,3,4,0,1,2,0,2,1,0,1
38,12093,3,2,64,4,2,1,1,8,2,2,4,2,1,2,0,2,1,0,1
40,7774,3,3,46,1,2,3,1,7,3,4,1,0,2,2,0,1,0,0,1
27,17708,4,2,64,3,2,1,1,1,4,1,0,2,0,0,1,1,0,0,1
20,19149,4,4,75,3,1,0,2,7,2,3,4,2,1,1,0,3,0,0,0
68,17820,1,3,45,1,2,0,3,3,1,2,0,0,2,2,1,2,1,0,0
56,11245,2,1,22,3,0,1,1,1,0,4,4,0,3,2,2,2,1,0,1
37,14699,3,3,33,1,1,0,1,10,0,2,3,1,1,2,1,0,1,0,0
63,16376,1,1,53,4,2,0,2,9,1,4,2,0,2,1,1,2,0,0,1
43,18680,1,1,55,2,0,3,1,6,1,4,4,1,2,2,2,3,1,0,1
35,8745,1,2,19,4,2,2,1,5,4,2,3,0,2,2,0,3,1,1,1
70,7714,4,2,21,2,0,2,1,9,1,4,1,0,0,0,1,2,0,0,1
35,1226,3,2,65,1,0,0,4,4,1,4,3,0,3,0,1,2,1,0,1
16,19620,3,4,42,2,0,0,3,10,1,2,1,0,1,2,2,2,1,0,0
23,14332,2,4,45,4,0,0,2,0,3,2,4,0,0,2,1,2,0,0,1
50,11862,3,2,58,2,1,2,2,1,2,3,1,0,0,2,0,2,0,0,1
22,18797,3,4,54,1,1,3,2,7,2,2,3,1,2,2,2,1,0,0,1
10,10606,1,3,52,2,0,1,2,0,1,0,2,0,0,2,0,1,0,0,1
9,8157,2,3,47,3,2,0,2,2,3,1,0,2,0,1,0,3,1,1,1
69,19350,3,4,42,4,0,1,2,1,0,2,0,0,2,2,0,0,0,0,0
19,15051,4,4,42,3,1,1,1,4,3,2,2,0,3,2,1,1,0,0,1
35,8406,3,3,60,1,2,1,0,3,1,1,0,0,2,2,1,2,1,0,0
50,7787,1,1,22,2,1,2,2,6,1,4,4,2,0,1,1,2,0,0,1
61,1392,4,3,21,3,1,2,3,4,1,3,4,0,0,2,1,2,1,0,0
24,10722,1,3,52,3,2,0,2,7,2,0,3,0,2,2,0,2,1,1,1
32,5175,3,4,75,2,0,0,3,3,0,3,3,2,0,2,1,3,1,0,0
40,2433,4,3,67,2,0,3,4,5,3,3,1,0,2,2,1,2,1,0,1
53,18264,2,4,41,4,0,0,1,3,1,4,3,0,0,2,1,3,0,0,1
56,12373,2,4,71,3,0,0,2,1,1,0,4,0,3,2,2,0,1,0,1
10,18174,4,2,74,3,2,0,2,0,0,1,3,1,1,2,1,1,0,0,0
29,18524,4,3,70,1,2,0,4,0,1,4,0,0,0,2,1,2,1,0,0
29,13739,1,1,41,4,2,1,4,7,1,4,1,0,3,1,0,1,1,0,0
23,11374,4,2,63,1,1,2,2,3,1,3,1,1,1,2,1,1,0,1,1
32,18102,1,4,23,3,2,1,1,4,2,4,4,1,1,2,2,1,1,0,1
30,5516,3,4,49,1,0,1,3,10,1,0,3,0,3,2,0,2,0,0,1
66,14274,1,1,71,3,1,2,1,7,4,3,0,0,1,2,1,2,1,0,1
71,10252,4,4,59,3,0,1,3,6,2,1,3,0,1,2,0,3,0,0,1
63,17838,4,3,75,1,0,3,4,7,3,1,2,0,1,1,1,0,1,0,0
50,16085,3,2,75,1,2,3,2,7,0,4,3,1,0,2,1,2,0,0,1
21,7791,4,4,72,2,2,0,2,5,1,1,4,0,0,2,1,1,1,0,1
6,1474,4,4,24,2,0,2,2,9,1,2,3,0,2,2,1,2,1,0,1
37,4633,2,1,55,2,0,1,2,1,2,4,1,0,2,2,0,2,1,0,1
66,15163,2,3,75,3,1,3,2,5,3,1,0,0,1,2,0,2,0,0,1
51,4472,3,4,28,1,2,1,3,0,0,4,4,0,1,2,1,3,1,0,1
19,5795,1,1,58,4,1,3,4,0,0,4,2,0,3,2,0,3,0,0,1
46,14413,2,4,25,3,1,2,4,10,3,3,0,0,3,2,1,2,1,0,1
32,9605,1,1,57,4,1,0,1,2,0,1,0,0,1,2,0,3,0,0,1
48,8728,4,1,56,1,0,1,3,2,2,2,1,0,3,0,0,2,0,0,0
8,10403,2,3,39,3,1,3,3,10,1,2,1,0,2,2,1,3,1,0,0
39,3520,3,4,38,4,1,3,1,4,3,2,1,2,1,2,1,2,0,0,1
26,9487,3,3,21,4,0,0,1,0,0,2,4,0,0,2,0,2,1,0,1
48,13380,3,1,69,2,2,2,1,9,0,4,3,0,0,2,0,2,0,0,1
55,5733,2,2,40,2,2,1,4,5,2,1,0,2,3,2,0,0,0,0,0
62,10016,1,4,65,2,1,0,2,6,4,3,3,0,2,0,1,2,1,0,1
65,15059,4,2,22,3,0,1,3,9,1,0,3,0,2,2,0,3,0,0,0
34,17201,1,4,46,1,2,0,1,10,1,3,1,0,0,2,1,2,0,0,0
35,2896,1,3,30,1,1,2,3,2,2,4,3,1,2,2,1,0,1,0,1
69,19046,4,3,56,2,1,1,0,3,4,2,0,0,2,2,1,2,1,1,0
20,19629,4,3,69,2,0,2,2,9,3,1,0,1,3,2,0,3,1,0,0
27,2091,2,3,54,2,1,0,2,10,4,3,2,0,0,2,1,3,0,0,1
56,11803,2,3,65,4,2,1,1,9,0,3,4,0,2,0,2,2,0,0,0
60,6683,2,2,59,2,0,0,3,9,0,3,3,1,0,2,0,3,1,1,0
69,1812,2,3,23,4,2,0,1,9,2,2,4,2,2,0,0,3,1,0,1
48,7814,2,1,31,1,2,0,2,9,3,2,4,0,2,2,1,1,0,0,1
26,19267,4,1,41,3,2,0,2,2,0,4,4,1,0,2,0,3,1,0,1
34,2639,1,2,68,3,1,1,2,0,0,4,4,0,2,2,1,2,0,0,1
49,15188,2,4,48,3,1,1,1,7,3,2,0,0,0,2,1,2,0,0,1
25,18588,2,1,55,3,2,1,0,9,0,4,3,0,3,0,1,2,0,0,1
68,7424,1,4,43,4,2,1,4,9,1,2,2,0,1,0,1,2,1,0,1
29,862,2,2,66,4,0,3,1,1,1,2,4,0,2,0,1,2,0,0,1
4,19488,1,4,45,2,0,3,3,0,2,1,2,0,3,0,0,2,1,1,1
19,13981,1,4,69,4,1,1,4,7,2,2,0,0,1,1,0,3,1,0,0
35,4238,4,4,32,2,1,1,1,6,1,3,0,0,1,2,1,3,0,0,1
11,2969,3,4,75,2,0,0,1,6,2,0,1,2,1,2,2,3,1,0,1
45,16606,4,2,66,3,2,3,2,3,2,2,4,2,0,2,1,2,0,0,1
50,17440,3,1,65,4,1,0,4,10,1,4,1,1,2,2,2,0,1,0,0
41,9517,3,3,72,4,2,1,4,8,2,3,2,0,2,1,0,2,0,0,1
44,3308,3,4,54,2,0,1,2,5,0,3,3,0,3,2,0,3,0,0,1
28,16870,2,1,57,2,1,1,3,1,0,4,1,0,3,2,0,1,0,0,0
52,15370,4,1,34,1,1,0,1,0,0,0,0,2,1,2,0,3,0,0,0
27,13213,3,2,74,1,0,2,4,0,0,3,4,0,2,2,1,3,0,0,0
26,8061,1,1,40,2,1,0,4,8,1,4,2,1,3,2,2,2,0,0,0
15,3219,2,2,39,1,0,2,1,3,3,3,0,2,1,0,1,2,1,1,1
62,12200,4,4,72,1,1,0,1,4,2,2,3,1,0,2,1,2,0,0,1
9,4241,3,4,39,2,0,0,1,2,3,1,4,0,1,0,0,2,0,0,1
59,10266,1,3,26,2,1,3,1,3,1,4,3,0,3,0,0,2,1,0,1
38,4498,4,3,67,4,2,0,3,7,1,2,3,0,2,0,0,3,1,0,0
47,19287,4,3,34,2,2,2,2,3,1,4,4,0,2,2,1,2,1,0,1
22,16577,2,1,73,2,2,1,1,8,0,3,4,0,0,2,1,3,0,0,1
67,794,4,4,49,3,1,0,2,8,0,3,3,0,3,1,2,3,1,0,1
10,10677,2,2,60,4,1,3,4,5,2,4,2,1,1,2,1,1,0,0,1
18,10382,3,3,28,4,2,0,2,1,4,3,4,0,2,2,0,1,1,0,1
16,1636,2,2,50,4,2,3,2,9,0,2,0,0,0,2,0,3,1,0,1
17,2564,1,2,52,3,0,0,1,10,0,3,1,0,0,2,1,2,1,1,1
68,7509,2,3,27,2,0,3,4,6,3,4,2,0,2,2,0,2,0,0,1
34,13487,1,4,35,4,0,0,3,8,0,2,4,1,3,2,1,2,1,0,0
65,5043,2,3,29,4,2,1,1,5,3,2,4,0,1,2,1,0,1,0,1
53,1507,4,2,50,1,2,2,1,2,2,0,2,0,0,2,0,0,1,0,0
27,5945,3,3,28,4,2,3,1,6,4,4,1,0,1,2,1,3,1,0,1
60,11206,1,2,40,2,0,3,1,4,1,0,3,0,0,2,1,2,1,0,1
65,15249,2,2,75,2,1,2,2,0,2,3,0,1,0,2,1,2,1,0,1
64,12218,2,3,35,1,2,3,4,2,1,2,4,0,2,0,0,3,1,0,1
24,9939,2,1,22,4,1,0,2,4,2,2,1,0,3,2,1,1,1,1,0
60,13781,4,3,66,4,1,1,3,6,1,3,0,0,0,0,1,2,0,0,1
60,1935,4,1,70,4,1,1,2,2,0,0,2,0,2,2,1,3,1,0,0
51,1071,1,2,65,3,0,1,3,5,1,3,4,0,1,2,0,3,0,0,1
54,2882,1,2,43,4,1,1,3,4,1,4,3,1,0,2,1,2,1,0,0
44,5584,4,1,39,2,2,1,1,0,3,4,2,0,0,2,1,3,0,0,1
72,17161,1,2,55,2,0,0,2,9,2,1,4,2,2,2,1,3,1,0,1
17,14007,3,1,56,3,2,2,2,5,2,4,1,0,0,2,1,0,1,0,1
56,7559,3,1,67,3,2,0,1,7,0,3,0,0,1,2,1,1,0,1,0
62,18771,4,2,19,4,0,1,2,0,2,4,0,0,0,1,1,3,1,0,1
10,13271,1,4,43,1,2,1,2,1,1,2,4,0,1,2,0,2,1,0,1
55,18149,2,1,69,3,2,2,4,3,3,3,2,0,0,2,1,1,0,0,1
62,7991,3,3,54,3,0,2,2,1,4,4,3,0,3,2,0,3,1,0,0
7,15027,4,3,35,4,2,2,3,10,0,4,1,0,2,2,1,2,1,1,0
70,17924,1,2,59,4,1,0,2,8,3,2,4,1,3,2,2,2,0,0,1
8,15359,4,4,42,3,2,1,3,9,0,2,1,0,1,0,0,1,1,0,1
49,8573,2,2,20,1,1,0,2,7,1,2,0,1,1,2,1,2,1,0,0
57,9577,3,4,58,3,2,1,3,7,1,2,3,0,1,0,1,2,1,0,1
42,19636,4,1,33,4,0,1,2,3,0,2,1,0,0,2,0,1,1,0,1
54,11883,4,1,50,4,0,0,2,4,2,2,4,0,2,2,1,2,1,0,0
18,16878,4,1,57,3,2,1,2,3,0,4,3,0,1,2,0,2,1,0,1
15,2853,2,1,24,1,0,3,2,8,0,0,2,1,1,0,1,3,1,0,1
32,5299,4,3,19,3,2,3,1,1,2,3,4,0,2,2,1,3,1,0,1
21,17570,2,3,65,3,0,1,1,10,2,1,1,0,1,2,1,2,0,0,1
19,12439,2,2,41,4,1,0,0,7,4,2,3,0,3,2,1,2,0,0,1
65,2928,2,4,57,1,2,0,3,1,2,0,4,0,1,2,1,3,1,0,0
21,11796,3,1,75,2,1,1,1,0,2,2,3,0,2,2,0,3,1,0,1
60,8313,3,1,35,1,1,3,1,9,1,4,3,1,1,0,1,2,0,0,0
57,14914,4,4,52,3,2,0,3,2,0,4,3,0,3,2,1,0,0,0,0
64,12301,4,4,59,3,1,2,2,8,0,1,1,2,1,0,2,3,1,0,0
25,12245,3,2,47,3,2,0,2,2,1,2,4,1,2,2,1,1,0,0,1
11,13525,1,4,27,1,1,3,1,8,2,2,0,0,0,2,1,1,0,1,0
14,3856,3,1,31,4,2,1,4,6,1,4,0,0,2,2,1,2,0,0,0
3,14788,2,1,24,3,2,2,3,9,2,4,1,0,1,0,0,3,1,1,0
60,7040,3,1,24,3,0,1,3,0,1,3,1,0,1,2,1,1,1,0,0
3,16922,2,1,38,1,2,2,2,9,0,3,3,0,3,2,1,2,0,0,1
36,3842,4,1,70,2,2,0,3,4,0,4,4,2,3,2,0,2,0,0,0
50,9578,1,2,71,2,1,0,1,8,3,0,4,0,1,2,1,3,1,0,1
3,3344,4,1,21,4,2,3,0,2,2,2,2,0,3,2,1,2,1,0,1
18,10896,2,2,35,4,0,3,0,8,3,4,2,0,0,2,1,1,1,0,1
63,17982,2,1,67,3,1,3,2,4,0,3,0,0,3,1,1,2,0,0,1
66,18707,2,3,30,1,1,2,2,8,4,3,2,1,2,1,1,2,1,0,0
65,14498,1,3,66,3,0,2,2,9,0,3,2,0,1,2,1,1,1,0,0
71,13761,3,3,65,4,1,0,0,5,0,2,0,0,3,2,1,1,0,0,0
24,3593,4,3,63,1,1,1,2,8,4,3,0,0,3,0,0,2,1,0,1
69,12222,4,2,73,1,1,1,3,6,0,3,2,1,1,0,2,2,0,0,0
28,19780,3,2,19,4,1,2,2,6,2,2,4,0,2,2,1,2,0,0,1
18,12145,4,4,35,2,0,1,3,7,0,3,2,2,0,2,1,1,0,0,0
53,15583,1,1,21,2,0,0,1,6,2,4,3,0,3,2,1,2,1,0,1
59,1488,4,3,44,1,1,1,3,8,4,1,3,0,2,2,0,2,0,0,0
31,6946,2,2,33,3,1,2,2,10,1,2,3,0,0,1,0,1,0,0,0
71,16835,3,1,54,2,0,1,1,8,2,2,1,0,2,0,1,2,0,0,1
49,16633,1,1,50,3,0,0,1,5,0,3,3,0,2,2,1,1,0,1,1
64,2182,3,2,50,2,0,0,2,6,2,1,4,0,2,2,1,3,1,0,1
71,6126,1,3,22,2,1,0,3,1,1,3,1,0,1,2,1,2,0,0,0
18,7924,2,4,36,3,1,1,2,8,0,4,1,0,1,2,0,2,0,0,1
50,13357,3,1,67,4,2,2,1,0,1,2,3,0,2,2,0,1,1,1,0
41,12655,4,4,37,2,0,2,3,0,0,4,2,0,1,2,1,2,1,0,1
35,17817,1,3,61,2,1,2,2,2,4,4,0,0,1,2,0,2,1,0,1
25,11925,3,3,70,3,0,1,2,5,1,1,2,0,2,2,1,2,0,0,1
12,2480,4,4,53,4,1,2,2,4,0,1,2,0,0,2,0,1,1,0,1
71,16022,3,3,58,2,0,0,1,1,1,4,1,0,2,2,1,0,0,0,1
36,19940,3,1,32,2,1,1,2,8,1,4,1,0,2,2,0,2,0,0,0
54,9484,3,4,51,4,2,2,2,9,2,0,1,1,2,2,0,2,1,0,1
12,17675,1,3,32,2,2,0,4,3,4,0,4,0,1,2,1,1,1,0,1
21,16383,4,4,52,4,0,0,2,3,1,1,4,0,1,2,1,2,1,0,1
60,5890,2,1,73,4,1,3,2,4,3,4,0,1,1,1,0,2,0,0,1
3,19139,1,3,22,3,1,1,2,7,2,1,1,2,3,0,2,2,1,0,1
71,2107,1,1,42,1,0,2,4,9,0,3,3,0,0,2,0,2,0,0,1
6,7073,1,3,47,4,1,0,3,3,2,4,1,2,3,0,1,2,1,0,1
18,17868,2,2,37,3,0,2,2,4,1,0,4,0,2,2,0,0,0,0,1
26,6276,4,3,24,1,1,1,3,3,2,3,1,0,3,2,0,1,0,1,0
4,4176,4,4,75,2,0,0,2,5,3,2,4,0,1,2,1,2,1,0,1
34,3880,4,3,51,1,1,2,2,2,1,4,1,0,1,2,0,2,1,1,1
26,9211,3,1,67,4,0,0,1,7,4,2,3,0,3,2,1,2,1,0,1
14,9282,3,1,58,4,1,1,2,5,3,3,0,1,0,2,0,3,1,0,1
52,17934,3,3,37,4,2,0,1,9,1,3,3,2,0,0,1,3,1,0,1
37,14497,2,4,71,4,1,0,4,4,2,1,4,0,1,2,0,1,1,0,0
35,6842,3,2,19,4,0,1,2,1,1,0,2,0,3,1,0,3,1,0,0
35,17843,2,4,23,3,2,0,4,9,4,2,3,0,2,2,0,2,1,0,0
63,6559,4,2,45,4,1,3,2,9,2,2,1,0,2,1,1,2,0,0,1
53,9384,3,1,34,3,2,0,2,6,0,4,0,0,2,2,1,3,0,0,1
45,6155,3,4,24,2,1,1,2,1,1,4,1,0,1,2,1,3,1,0,1
14,12591,1,2,58,4,2,0,1,0,2,2,1,2,2,0,1,3,1,0,1
69,19830,2,3,31,4,0,1,2,6,0,3,3,0,1,2,1,1,0,0,1
67,15751,4,1,66,1,1,3,1,4,0,3,0,0,3,2,1,1,0,0,0
35,1026,1,3,53,2,1,0,2,0,1,4,2,0,1,2,0,2,1,0,0
42,3724,1,1,37,4,0,3,2,3,1,2,1,0,1,2,0,2,1,0,1
45,15569,4,4,30,4,2,0,3,3,1,2,0,1,1,2,1,1,1,0,0
46,12036,1,4,34,2,0,2,1,9,0,2,2,0,1,2,1,3,0,0,1
31,14047,2,1,61,3,0,1,1,6,0,3,1,0,2,2,0,2,1,0,1
15,18759,2,1,28,4,2,3,2,8,2,2,0,0,1,2,1,2,0,1,1
14,2263,3,1,43,1,0,1,4,1,1,2,3,0,0,0,1,2,0,0,1
48,9212,1,4,38,4,1,1,3,0,0,0,1,0,1,2,1,2,0,0,0
4,6297,3,2,49,1,1,0,2,1,1,3,1,0,2,2,0,0,1,0,1
37,9708,1,3,22,1,1,0,2,6,2,1,0,0,0,2,1,3,1,0,1
10,5609,2,3,62,4,0,3,1,9,0,1,1,0,2,2,0,2,1,0,1
28,17000,2,4,41,4,1,1,4,5,0,2,2,0,1,2,0,1,0,0,0
36,2933,2,3,20,1,1,1,2,3,0,1,1,0,1,2,1,3,1,0,0
9,17467,1,1,74,2,1,2,1,0,3,3,4,0,1,2,0,3,1,0,0
70,4667,2,2,40,2,1,1,2,0,3,2,2,0,3,2,0,3,1,0,1
60,18273,1,3,69,4,1,3,1,4,3,2,0,2,2,2,0,3,1,0,1
31,8857,3,2,75,3,1,2,4,0,2,3,2,0,1,2,1,2,0,0,1
38,6654,1,1,55,2,0,1,1,6,2,1,4,0,2,2,0,3,1,0,1
23,9420,3,3,26,4,1,3,2,10,1,1,4,0,3,2,0,0,1,0,1
38,18927,1,4,25,2,1,0,1,0,2,4,1,0,1,2,1,3,1,0,1
12,17662,3,2,32,3,2,1,3,0,0,2,1,0,3,1,1,2,1,0,1
26,713,2,1,74,4,0,1,3,1,2,2,3,1,0,1,2,0,0,0,1
66,4262,3,2,73,3,0,0,2,10,3,0,2,0,3,2,0,2,1,0,1
51,13899,2,3,21,4,0,2,2,9,1,2,3,0,1,2,0,2,1,0,1
38,10268,2,3,68,3,0,3,3,2,1,3,4,0,0,2,1,2,0,0,0
26,11140,3,4,34,2,1,1,1,10,0,3,1,2,1,2,0,1,1,0,1
25,7231,1,1,73,2,1,1,2,0,2,3,1,0,3,2,1,3,0,0,1
64,6291,1,1,37,3,2,3,1,8,2,1,1,0,2,0,1,1,0,0,1
39,16322,4,4,69,3,2,1,4,9,3,2,0,2,2,2,0,2,1,0,0
14,9283,1,4,36,3,0,1,2,7,1,4,4,0,0,2,1,3,1,1,1
57,14121,4,1,70,4,2,1,3,4,3,4,1,0,1,2,0,2,0,0,0
15,16519,1,2,34,2,2,3,2,10,2,1,4,0,1,2,2,2,0,0,1
25,3220,1,2,26,4,0,1,1,1,3,2,1,0,0,0,1,0,0,0,1
32,9405,2,4,51,2,0,2,1,4,1,1,2,0,1,2,1,2,0,0,1
19,9627,4,2,67,1,2,2,1,5,1,0,4,0,3,0,0,3,0,0,1
64,16885,1,1,30,4,1,1,2,0,2,2,3,0,2,2,0,3,0,0,1
15,6868,4,3,71,2,2,1,1,10,2,1,0,1,0,2,0,2,0,0,1
61,14556,2,3,29,2,2,2,0,3,4,3,3,1,2,2,0,1,1,0,1
21,12736,2,2,23,4,1,1,3,8,0,3,4,0,3,2,1,1,1,0,1
51,18833,4,4,45,4,1,2,4,1,0,1,1,0,2,2,2,1,1,0,0
14,14951,2,4,30,2,0,3,2,4,4,0,4,0,2,2,1,2,1,0,0
63,17801,3,4,35,4,0,2,2,0,1,4,0,1,3,2,1,1,0,1,0
21,10933,3,4,24,3,2,2,0,3,2,1,4,0,2,0,1,1,1,0,0
11,16025,2,4,51,4,1,2,2,3,1,3,1,0,0,2,1,2,1,0,0
30,589,3,2,23,4,0,2,3,5,0,2,3,0,1,2,0,2,1,1,0
54,18593,1,3,75,4,2,1,1,9,3,3,2,0,3,2,1,2,0,0,1
18,10861,4,3,46,2,1,0,1,8,2,2,3,0,1,2,1,3,0,0,1
71,16869,1,2,32,3,2,1,3,2,1,0,1,0,0,2,1,2,1,0,0
14,3541,4,4,23,1,0,2,2,8,1,1,1,0,1,2,2,3,1,0,1
27,605,2,2,72,1,0,1,0,5,3,1,0,1,2,2,1,3,1,0,1
54,9578,1,3,74,3,1,2,2,6,0,2,4,0,3,2,0,2,0,0,1
55,18779,2,1,51,3,2,1,2,9,3,3,4,0,1,2,1,0,0,0,1
25,6590,2,2,68,3,1,2,2,1,0,2,3,0,1,2,0,1,1,0,1
18,6582,4,4,66,2,0,0,3,10,2,0,2,0,3,2,1,2,1,0,1
59,17518,4,3,59,1,0,2,3,9,4,3,2,1,1,2,1,2,0,1,1
41,2425,4,3,37,3,2,1,2,5,2,3,0,0,0,1,1,3,1,0,1
55,18940,1,3,40,2,2,0,4,5,1,4,1,1,3,2,2,3,0,1,0
44,7417,3,3,23,1,2,1,2,1,2,3,0,0,1,2,1,0,1,0,1
60,1052,4,4,20,4,1,2,3,1,1,2,4,0,1,0,0,3,1,0,1
41,4411,4,1,48,2,2,1,2,1,0,3,1,0,2,2,0,2,1,0,0
16,3889,1,3,65,1,2,0,3,9,4,4,0,1,0,2,1,3,0,0,1
7,14129,4,2,57,2,0,3,4,0,3,4,3,0,3,2,0,1,0,0,1
37,2930,1,1,22,1,0,2,1,4,2,2,4,0,1,2,0,1,1,0,1
20,958,2,3,51,1,2,3,4,7,1,1,2,1,1,2,0,2,0,0,0
11,13895,4,1,31,4,2,1,3,1,0,2,0,0,0,2,1,3,1,0,0
60,707,4,2,38,2,0,1,3,4,0,3,4,0,1,2,0,1,1,0,0
19,1399,2,3,72,3,2,3,1,7,2,3,4,0,3,0,2,1,0,0,1
9,12153,2,2,25,4,1,1,3,9,3,3,2,1,2,2,2,3,1,0,0
48,16905,2,4,33,4,1,2,3,4,1,0,2,0,3,2,2,3,0,0,1
15,9101,4,3,41,1,1,1,1,1,3,3,2,2,1,2,0,0,1,0,1
42,1394,3,3,32,3,2,1,4,2,0,4,0,0,2,2,2,2,1,0,0
44,1014,3,3,41,2,0,0,0,5,1,2,2,2,1,2,2,2,1,0,1
11,4609,3,3,37,3,2,0,1,10,0,3,3,0,3,2,2,2,0,0,1
52,13758,4,4,72,3,2,0,2,10,1,2,4,0,2,2,1,2,1,0,1
29,15813,2,3,47,3,0,0,2,4,0,4,2,1,1,2,1,2,1,1,1
68,15849,4,1,74,3,0,3,2,10,4,4,4,1,1,2,0,2,0,0,1
7,7679,2,3,38,3,0,0,0,3,0,3,1,0,1,2,1,2,0,0,1
31,10826,4,4,47,1,1,2,4,3,4,3,1,0,2,2,0,2,0,1,1
39,12287,4,3,42,1,2,2,0,4,1,4,2,1,3,1,0,2,1,1,1
40,2060,2,1,36,4,0,1,1,1,4,2,4,0,0,2,2,2,1,0,1
10,14112,3,4,28,1,2,0,0,8,2,2,1,0,0,2,1,2,1,0,1
67,18150,2,4,59,4,1,2,2,1,4,4,2,1,0,2,0,1,1,0,1
19,5280,1,1,75,4,1,2,4,9,0,1,4,0,2,2,2,2,1,0,0
47,18811,1,1,26,2,0,2,2,1,2,2,2,0,1,2,2,3,0,0,1
6,12394,2,1,44,3,0,2,3,9,4,4,4,1,0,2,0,2,0,0,1
38,2856,4,1,47,1,2,3,0,8,0,3,1,0,1,1,1,2,0,0,1
72,5290,1,1,28,2,0,1,2,2,0,2,2,0,2,2,0,1,1,1,1
33,17190,1,4,35,1,2,1,2,9,1,1,1,2,1,2,0,2,1,0,1
21,10681,4,4,20,4,0,2,2,6,4,2,2,0,2,0,0,2,1,0,1
63,7557,4,3,24,1,2,0,1,3,1,2,0,1,1,2,0,3,0,0,0
56,16582,3,3,23,3,2,3,2,5,1,1,1,1,1,2,0,2,1,0,1
41,1161,4,2,46,4,2,0,2,3,0,3,1,0,0,2,0,2,1,0,0
21,5144,2,3,59,4,2,1,3,9,0,2,3,0,0,2,2,2,1,0,0
41,16211,2,3,23,2,1,2,2,6,3,2,1,0,1,2,1,3,1,1,0
69,3420,3,1,36,3,2,1,1,0,0,2,4,0,1,2,1,2,0,0,1
47,16502,1,1,44,4,0,1,2,2,2,4,2,0,2,2,1,2,1,0,1
15,14525,1,3,38,3,1,1,1,2,4,2,0,0,0,2,0,2,1,0,0
60,9446,4,2,59,1,1,3,3,0,0,0,4,0,0,2,2,3,1,0,0
22,13232,2,1,67,3,2,1,2,5,2,0,4,0,3,0,1,1,0,0,1
63,6736,1,3,45,4,1,3,1,10,0,3,4,0,2,2,0,2,0,0,1
41,16809,3,3,67,2,2,0,4,8,2,3,4,0,2,2,0,3,0,0,0
3,14018,3,4,30,4,0,2,2,7,0,2,0,0,3,2,1,3,1,0,1
5,852,2,2,25,3,2,2,1,10,2,2,3,0,1,0,1,2,1,0,1
64,7505,3,4,21,3,1,0,2,6,1,0,1,0,2,2,1,3,1,1,0
65,14536,3,2,28,4,0,1,1,9,1,3,4,0,1,2,0,2,1,0,0
27,17042,2,1,52,3,2,0,3,7,2,3,1,0,0,2,0,2,1,0,1
58,1456,4,2,43,1,0,2,3,5,0,1,1,0,1,2,1,2,0,0,1
35,2571,4,3,53,4,0,1,4,8,2,1,4,0,1,2,1,1,1,0,0
40,9095,3,3,34,2,1,2,2,2,1,1,3,0,1,2,0,2,1,0,1
8,15640,4,2,20,4,0,0,2,9,2,1,1,0,1,2,0,2,0,0,1
60,13303,4,2,42,1,1,0,3,9,0,3,2,0,1,2,1,3,0,0,0
46,3953,3,2,28,1,0,0,1,8,2,1,1,0,0,2,1,3,1,0,1
47,7175,4,4,56,1,2,1,2,3,0,2,4,2,0,2,0,2,0,0,1
34,1455,3,2,40,1,0,1,2,6,1,1,0,0,0,2,1,2,1,0,1
47,6795,1,1,44,1,2,3,1,8,0,4,1,2,0,2,1,1,1,0,1
63,16421,2,4,61,2,2,2,2,1,2,4,3,0,1,2,2,2,0,0,1
49,18596,2,4,73,3,0,1,3,1,0,1,2,0,2,2,0,2,0,1,1
23,15782,4,2,57,1,2,3,3,8,3,2,2,0,0,2,0,2,1,0,1
38,5203,4,1,45,1,0,2,1,2,3,1,0,0,3,0,2,2,1,0,1
21,7063,4,4,47,4,0,3,1,8,0,2,0,0,3,2,0,2,1,1,1
22,12503,2,3,65,2,2,1,1,4,2,0,1,0,1,2,1,3,0,0,1
59,11317,1,4,56,2,2,1,3,5,0,3,4,0,2,2,1,3,1,1,1
20,11671,1,2,38,3,1,0,1,1,1,3,3,0,1,2,0,2,1,0,1
49,13082,2,1,45,2,2,2,3,7,2,4,2,0,0,2,1,2,1,0,0
51,12701,1,2,59,4,1,0,1,10,2,1,0,0,3,1,1,2,1,0,0
16,18278,2,3,72,4,2,1,2,8,2,4,3,0,0,2,1,1,0,0,1
17,12973,1,3,38,3,0,1,2,1,0,4,4,0,3,0,0,1,1,0,0
33,9961,3,3,62,4,2,1,3,5,1,1,2,1,2,2,2,1,0,0,0
3,16096,3,2,37,1,0,2,1,5,0,2,2,0,1,0,1,1,1,0,1
56,1029,2,4,38,1,0,0,2,7,2,1,4,0,1,1,1,1,0,0,1
5,19842,1,2,53,4,0,1,1,9,1,2,2,0,1,0,1,1,1,0,1
18,13265,4,1,65,3,1,2,3,4,2,2,4,1,0,2,1,1,0,0,1
59,14410,1,4,20,2,2,3,3,8,0,3,2,0,1,2,1,2,1,0,0
14,12061,3,3,48,3,0,2,1,0,1,2,1,0,2,2,2,3,1,0,1
18,9631,3,2,71,2,0,3,3,8,1,4,4,0,1,0,0,3,1,0,1
26,1025,1,3,52,4,1,2,2,9,0,1,3,0,0,2,1,0,1,0,1
30,16885,1,3,40,4,2,1,1,6,1,4,1,0,1,2,2,2,1,0,1
10,874,4,1,21,1,2,0,2,3,3,1,3,0,3,2,0,3,0,0,1
38,12697,4,4,24,2,1,2,1,2,3,4,2,1,1,2,0,1,0,0,1
10,5148,1,1,33,3,1,2,3,9,1,2,3,0,1,1,2,3,1,0,0
60,2865,1,1,45,4,2,2,3,10,1,1,1,0,3,2,1,2,0,1,0
62,18409,1,1,28,3,1,1,1,5,0,4,4,0,1,2,2,3,0,1,1
52,2146,1,3,27,1,2,1,2,0,3,2,0,0,1,0,0,3,0,0,1
30,513,2,1,51,2,2,1,3,2,0,3,3,0,3,2,0,2,1,0,1
43,5099,1,1,50,2,0,1,4,1,4,3,0,0,2,2,0,2,1,0,1
66,2778,4,4,66,4,0,0,2,10,1,2,3,0,1,2,1,1,0,0,0
29,14796,3,4,24,2,2,2,4,8,1,2,3,0,0,2,1,1,0,1,0
65,3655,2,1,59,4,2,0,2,2,4,3,4,0,2,2,0,2,1,0,1
19,8821,1,4,54,1,2,0,2,1,0,0,2,0,1,2,0,1,1,0,1
35,4314,3,4,20,2,2,1,3,3,2,3,1,0,3,2,1,1,1,0,1
31,13625,2,1,47,4,2,2,2,1,1,4,1,0,0,2,1,2,1,0,1
15,3716,3,3,22,3,2,1,2,0,0,0,1,2,1,2,0,3,0,0,1
48,2613,1,1,19,4,1,1,2,5,1,1,2,0,0,2,2,0,0,0,0
37,10738,1,4,37,2,2,1,3,9,2,3,0,0,2,0,0,2,0,0,1
8,14260,4,3,44,1,1,1,3,7,2,2,1,2,3,2,1,2,1,0,0
71,13088,1,2,43,2,1,3,2,9,0,2,0,0,2,2,1,2,1,0,1
49,3874,1,3,28,2,2,3,2,9,4,1,2,2,3,2,1,1,0,0,1
27,6930,2,4,71,4,2,1,2,1,0,3,2,0,0,2,0,3,1,0,1
68,19965,4,3,33,3,1,1,2,8,0,1,4,0,0,2,0,2,1,0,1
12,12470,2,1,40,2,1,2,1,2,0,2,1,0,3,1,1,2,1,0,1
58,1129,3,2,69,3,2,0,3,7,0,4,4,1,3,1,0,0,1,0,0
32,17153,1,2,66,4,2,1,2,7,0,2,1,0,3,0,1,2,1,0,1
7,11331,3,2,39,3,1,1,2,2,4,2,2,2,2,2,2,3,1,0,1
35,6224,2,4,74,4,1,3,1,2,1,4,2,0,1,2,2,1,1,0,0
67,11583,1,4,40,1,1,0,1,5,0,3,3,1,0,2,1,2,1,0,1
20,13649,1,2,54,3,0,1,4,0,0,4,3,0,3,2,1,0,1,0,0
51,9972,2,3,52,3,1,2,2,3,2,2,2,0,1,2,2,3,1,0,1
13,6776,2,2,48,1,0,1,1,0,3,4,2,2,1,2,0,1,1,0,1
28,16135,2,3,43,3,2,0,2,2,0,0,0,2,2,2,0,3,1,0,1
65,6395,2,3,63,1,2,3,2,8,0,1,0,0,1,2,0,2,1,0,1
61,14494,2,4,46,2,1,1,0,4,0,1,4,0,3,2,0,2,0,0,0
29,11052,1,3,19,4,2,2,2,4,0,2,3,0,0,2,1,2,1,0,1
51,17459,2,2,67,1,2,0,2,10,0,4,3,0,2,2,1,1,1,0,1
35,6599,1,4,63,3,2,1,2,3,1,2,2,0,2,2,1,2,1,0,1
3,9999,1,1,22,1,2,1,2,2,0,3,2,0,2,0,1,2,1,0,1
23,3678,2,1,25,3,0,0,2,4,1,3,4,0,1,0,1,1,1,0,1
57,19618,2,4,67,2,0,0,4,10,0,3,3,0,1,2,1,3,0,0,0
8,6616,4,2,27,1,1,2,2,3,4,2,0,0,1,2,0,0,1,0,1
71,16063,1,1,54,2,1,0,1,7,4,3,1,0,1,0,1,2,1,0,1
7,4068,2,1,37,4,1,0,1,3,2,2,4,0,2,2,1,2,0,0,1
5,10347,2,3,19,3,2,1,2,10,1,0,1,0,1,2,1,1,1,0,1
55,14635,2,3,28,3,2,2,3,7,1,4,0,0,0,2,0,2,0,0,0
25,19087,4,2,54,2,0,0,1,5,1,1,0,0,0,2,2,2,1,0,1
55,18274,4,4,27,4,0,1,3,10,2,0,1,0,2,0,2,2,0,1,0
39,2242,3,2,63,1,1,0,0,4,1,4,4,1,0,1,1,2,1,0,0
19,18809,1,4,64,1,0,0,2,3,3,2,1,0,3,1,1,1,0,0,1
3,1119,3,1,60,3,0,0,3,3,4,3,4,2,2,2,1,3,1,0,0
53,18158,2,3,50,2,0,2,2,3,1,2,4,0,2,2,0,2,0,0,0
47,17840,4,2,50,2,0,0,2,10,2,2,2,1,3,2,0,1,1,0,1
6,2439,4,2,24,1,0,0,1,8,0,2,3,0,0,2,1,3,1,0,0
64,16501,3,4,66,4,1,1,3,3,0,2,3,0,3,2,0,0,0,1,0
67,1468,4,4,56,4,1,2,1,8,1,2,0,0,1,2,1,2,1,0,0
34,15346,2,2,35,1,0,1,3,9,0,3,2,0,3,1,1,2,0,0,0
36,781,4,4,28,1,1,1,1,5,3,3,3,0,3,0,0,3,1,0,1
41,15860,3,2,68,2,2,0,3,9,0,4,4,0,0,1,0,3,1,0,1
28,6762,2,2,45,4,0,1,2,6,1,0,4,0,1,2,0,2,1,0,0
36,1558,3,2,72,1,2,1,3,9,2,3,1,0,1,0,0,2,1,0,1
56,11224,4,1,68,1,1,1,2,2,2,3,1,0,2,1,1,2,1,0,0
5,5678,3,4,53,3,1,1,4,7,1,4,4,2,1,2,1,2,0,0,1
52,7480,3,3,70,1,2,1,1,2,3,0,4,0,1,2,2,2,1,0,1
14,9700,1,3,39,1,1,0,1,0,2,3,1,0,1,0,0,3,0,1,1
67,1729,4,4,43,4,0,1,2,9,1,4,3,0,1,0,1,1,1,0,1
56,8967,4,2,46,2,2,0,1,4,0,1,0,1,3,0,0,2,1,0,0
7,19624,3,3,65,4,0,2,1,1,1,4,1,0,2,2,1,3,0,0,1
59,2789,1,3,33,2,2,3,4,9,3,0,3,0,1,2,1,2,0,0,0
19,1739,4,4,22,3,1,3,4,5,2,3,3,0,0,2,1,0,0,0,1
49,5870,2,3,47,1,2,3,2,9,3,4,3,0,0,2,1,0,1,0,0
25,16670,3,2,27,3,2,2,4,8,1,3,2,0,1,2,0,2,1,0,0
16,625,4,4,45,2,0,2,2,0,0,2,2,0,3,1,0,2,0,0,0
68,13004,2,2,44,4,1,1,1,3,0,0,3,1,1,2,1,2,1,0,0
53,15898,4,3,37,4,0,2,3,0,1,4,4,0,1,2,0,2,0,0,0
40,7138,2,3,74,3,1,1,2,0,2,2,2,0,3,2,0,3,1,0,0
66,7070,3,2,46,2,0,1,4,7,3,0,1,0,3,2,0,2,1,0,0
40,3749,4,1,35,3,2,2,1,10,0,3,2,0,0,2,0,2,1,0,1
52,9610,4,3,61,3,0,1,2,1,1,2,4,0,0,2,1,2,1,0,1
32,8095,1,1,75,1,1,1,1,0,1,1,0,0,1,0,1,1,1,0,1
53,14105,3,3,59,3,1,3,1,10,1,1,2,0,2,2,0,1,0,0,1
65,12615,2,1,60,1,2,0,0,7,0,0,3,0,3,1,0,3,1,0,1
54,6794,4,1,68,1,1,1,4,3,0,3,3,0,0,2,1,3,1,0,0
40,6257,4,1,38,4,0,3,3,2,0,3,3,0,0,1,1,1,1,0,0
32,13095,2,2,63,1,2,2,3,3,0,3,0,0,3,2,2,3,0,0,1
53,2469,3,1,58,1,1,1,2,10,0,4,4,0,2,2,2,1,1,0,1
7,11485,1,1,57,4,1,0,2,4,0,4,1,0,3,2,2,2,1,0,1
31,17775,1,1,67,3,0,1,1,0,2,3,4,0,1,2,1,1,1,0,1
6,4970,4,3,71,2,0,3,1,10,1,0,0,0,1,2,1,3,0,0,1
12,10725,2,1,41,2,2,1,2,0,4,3,3,0,0,2,0,1,1,0,1
58,10056,4,3,65,2,1,1,3,2,0,2,4,0,0,1,1,2,0,1,0
19,9706,2,1,50,3,0,0,2,5,1,3,1,0,2,2,0,3,0,0,1
19,10491,1,1,70,1,2,0,1,0,1,3,3,2,1,1,1,1,1,0,1
71,8019,3,2,65,2,1,3,0,10,0,2,1,0,0,1,1,2,0,0,1
36,14169,2,3,51,3,1,1,1,1,3,4,2,0,3,0,1,0,0,0,1
8,5112,1,1,75,1,2,2,2,6,0,1,1,0,0,2,0,2,1,1,1
55,12873,4,3,64,4,2,0,4,0,4,3,3,0,2,2,1,2,0,0,0
68,18082,2,3,23,2,0,2,2,6,3,0,2,2,1,2,0,2,1,0,1
45,16052,3,4,61,1,1,3,3,3,1,4,3,0,3,2,0,3,1,0,0
25,15146,4,2,66,2,1,1,2,9,1,1,3,0,0,2,0,2,1,0,1
57,5738,4,2,52,2,1,0,2,5,2,0,2,0,2,2,0,0,0,0,1
18,16077,1,2,58,2,2,1,1,7,1,2,1,1,0,2,1,2,0,0,1
10,16004,2,4,29,1,0,2,3,8,2,2,0,0,1,1,1,3,1,0,0
6,4219,4,4,68,3,1,1,3,5,0,1,0,2,2,2,1,3,1,0,1
6,802,3,2,21,1,2,3,1,10,0,3,0,0,0,1,1,1,1,0,0
58,12644,2,4,51,2,1,2,2,8,1,2,0,0,1,2,0,2,0,0,0
27,17870,3,4,29,1,0,3,2,3,1,0,4,0,3,2,2,3,1,0,1
69,10555,4,4,34,4,1,2,2,5,3,2,0,1,3,2,1,3,0,0,1
69,4940,3,2,36,3,0,0,4,7,0,4,2,1,0,0,1,2,1,0,0
29,3572,1,2,48,1,0,1,2,8,3,3,0,0,0,2,1,2,1,0,1
34,14098,3,2,66,4,1,0,2,2,0,3,3,0,0,0,1,2,0,0,1
52,14787,2,4,73,3,1,3,1,1,1,3,0,0,0,2,0,1,1,0,1
63,14465,3,2,28,4,0,2,1,5,1,2,1,0,3,2,0,3,0,0,1
53,10019,3,4,36,3,2,2,1,3,1,0,2,0,2,2,1,1,1,0,0
21,13880,1,1,56,1,0,1,0,0,0,2,2,0,1,0,0,2,1,0,1
23,12365,3,4,37,4,1,0,3,7,1,4,4,0,3,2,1,2,0,0,1
7,8625,3,3,54,2,1,2,3,8,3,4,3,0,2,0,1,2,1,0,1
44,3791,4,2,31,4,2,1,1,8,1,2,2,0,2,1,1,2,1,0,1
63,4533,4,2,74,3,0,0,3,1,1,0,1,0,1,2,1,2,1,0,0
24,5605,2,3,64,1,0,2,1,8,3,1,0,1,1,2,0,2,0,0,1
23,17587,4,4,21,3,0,0,2,6,2,2,2,0,2,2,1,2,1,0,1
72,8633,4,1,28,4,1,1,1,4,1,3,1,0,0,0,2,2,0,0,1
3,17458,4,3,56,4,0,1,2,6,0,0,0,0,1,2,1,3,1,0,0
7,6204,4,3,19,2,2,0,1,8,3,4,4,0,0,2,2,3,1,0,1
14,8348,1,4,73,1,1,3,2,7,2,2,2,0,0,2,0,2,0,0,1
48,13475,4,2,74,1,1,0,2,5,0,4,2,0,1,2,1,3,0,0,1
36,7424,1,4,45,4,0,0,4,3,0,4,1,0,2,2,0,2,1,0,0
51,988,1,3,64,1,2,0,1,0,3,4,3,1,1,0,0,2,1,0,1
47,7614,4,3,26,2,1,2,1,5,0,3,4,0,1,2,0,3,1,1,1
29,16240,3,2,69,3,1,1,1,2,4,3,3,0,2,2,0,2,0,0,1
28,3673,1,2,64,1,0,1,2,5,0,3,2,2,0,0,0,1,1,0,1
49,2167,3,2,60,4,0,0,1,5,3,3,3,0,1,2,2,3,0,0,1
58,4614,3,4,35,3,2,0,3,3,1,3,0,0,2,0,1,3,1,0,0
65,4053,4,2,27,3,0,1,2,1,1,4,4,2,0,2,0,2,1,0,0
50,8261,2,3,24,2,2,2,2,8,3,3,3,0,2,2,0,3,1,0,0
63,1500,4,3,61,4,1,3,2,1,1,4,0,0,2,1,1,2,0,0,1
28,16138,2,1,43,1,2,0,1,2,1,4,1,2,0,0,0,2,1,0,1
38,18272,2,4,57,4,2,1,1,9,0,1,3,0,0,0,0,2,1,1,0
3,5950,4,1,67,3,2,3,2,0,0,0,4,1,3,2,1,2,1,0,1
10,4212,4,3,46,4,1,1,2,6,0,2,0,0,0,2,1,2,0,0,1
54,1867,2,1,51,1,0,2,1,0,2,3,3,0,3,0,0,1,1,0,1
49,8689,4,3,72,1,1,0,1,10,0,4,1,0,2,1,1,1,1,0,1
58,9513,2,1,55,2,0,3,4,8,0,2,3,2,1,2,1,2,0,0,1
16,17338,3,2,27,1,2,2,0,10,1,3,0,0,0,1,0,2,1,0,0
30,19656,4,1,36,1,2,3,3,10,2,3,3,0,1,2,2,1,0,0,1
4,4226,3,2,74,4,2,2,3,0,2,0,4,0,1,2,1,3,0,1,1
28,5306,1,2,39,4,2,1,1,4,0,3,2,0,2,2,0,2,0,0,1
16,2690,3,4,20,3,2,3,1,6,0,4,0,1,3,2,0,1,1,0,1
61,9608,3,2,61,2,0,1,1,2,4,1,0,1,3,2,0,2,1,0,1
58,12678,2,2,56,4,0,1,2,8,0,3,0,0,1,2,1,3,1,0,1
9,3375,3,1,58,1,2,2,2,7,3,3,0,1,3,2,0,2,0,0,1
5,6092,4,3,54,3,1,2,3,2,3,1,3,0,3,2,1,1,1,0,1
25,18324,2,4,68,4,1,3,4,4,3,1,4,0,3,0,0,1,1,0,1
20,13092,1,2,61,2,2,0,2,6,0,4,1,0,1,0,1,2,0,0,1
40,9427,4,4,55,2,0,2,1,3,3,2,4,0,2,0,1,2,0,1,1
17,14937,1,1,33,3,1,2,1,4,3,1,0,0,2,2,1,2,1,0,1
66,12030,3,2,46,3,1,0,3,2,2,1,3,1,1,2,1,3,1,0,1
30,7510,4,1,36,3,1,1,1,8,1,3,3,0,3,2,2,1,1,0,0
41,11707,4,4,52,3,2,1,1,9,0,3,0,0,0,2,1,3,1,0,1
59,3489,1,1,40,3,1,1,3,8,0,3,3,0,0,2,0,3,0,0,0
19,12540,4,4,29,1,1,3,2,6,1,0,0,1,3,0,1,3,1,0,1
46,9718,4,1,75,1,1,2,4,9,2,4,4,0,0,2,1,3,1,0,1
27,6971,4,4,31,4,1,2,2,1,1,2,2,0,3,0,0,3,0,0,1
19,3363,3,3,22,2,0,3,1,6,1,2,3,0,2,0,0,2,0,0,1
15,11193,1,1,40,1,2,1,4,6,1,2,0,0,0,2,1,2,1,0,0
27,1677,4,1,25,1,2,2,1,10,2,2,0,0,1,2,1,2,1,0,1
70,5260,2,3,61,1,0,1,2,4,4,4,3,0,2,2,1,3,1,0,1
12,511,2,3,72,4,0,3,2,8,0,4,1,0,2,2,0,2,1,0,1
69,16853,2,1,42,3,2,0,1,10,1,2,0,1,3,2,0,1,0,0,1
20,12056,2,3,22,4,1,3,2,2,0,4,3,0,3,2,2,1,1,0,1
36,12063,3,2,46,2,1,0,1,3,2,4,0,0,1,2,0,3,1,1,1
10,14551,4,4,33,2,2,1,2,0,2,4,1,0,0,2,0,3,1,0,1
42,11522,1,4,19,2,1,2,2,5,4,1,2,0,3,2,1,2,1,0,0
44,8734,4,4,73,2,0,1,3,3,0,3,1,0,1,2,1,2,1,0,0
43,16673,3,2,21,1,1,2,3,0,4,2,4,2,0,2,1,2,0,0,0
8,13678,2,3,32,1,1,1,1,1,0,4,3,2,3,2,2,0,1,0,1
54,7070,3,3,56,4,1,2,2,2,2,0,1,0,3,2,0,2,1,0,1
28,906,4,1,68,3,2,0,2,8,0,3,2,0,2,2,0,2,1,0,1
66,9706,1,3,75,2,0,0,1,7,3,2,0,0,1,2,0,3,1,0,1
61,4931,3,1,19,4,1,1,3,6,1,2,3,0,2,2,1,2,1,0,0
58,7042,1,2,56,1,2,1,3,10,2,3,1,0,2,2,1,2,1,0,1
61,9406,3,4,56,1,1,0,1,3,3,4,2,2,3,2,0,2,1,0,1
72,4646,1,4,39,3,0,1,2,0,0,3,1,0,3,1,1,2,1,0,1
35,12546,1,4,66,3,1,1,1,7,0,4,4,2,1,2,0,1,0,0,1
55,13111,2,3,47,3,0,0,2,3,3,2,3,0,2,2,1,2,1,0,0
24,13576,1,1,23,4,1,1,1,2,1,3,0,1,3,2,1,3,0,0,1
23,17024,2,1,67,1,0,3,4,8,0,2,2,0,0,2,0,2,1,0,0
72,5382,4,2,28,1,1,0,3,9,1,0,1,1,0,2,0,2,1,1,0
72,14613,4,3,46,3,0,1,2,3,2,3,3,0,3,1,0,3,0,1,1
6,14145,2,2,39,2,1,2,2,3,0,3,1,0,0,1,0,3,0,0,1
64,6512,2,1,68,3,1,1,4,8,0,3,3,1,0,2,0,2,0,0,0
64,17847,3,1,25,4,2,2,2,10,0,3,4,0,0,2,1,2,1,0,1
26,7651,3,4,21,3,2,1,1,1,1,3,1,0,1,1,0,3,1,1,1
57,4110,3,3,63,3,0,1,2,4,3,0,4,0,0,0,2,3,1,0,1
11,10384,4,1,65,4,1,0,3,3,4,1,2,0,1,0,0,3,0,0,0
5,7394,3,4,38,3,0,2,2,8,2,3,4,0,3,2,0,2,1,0,1
33,13967,1,3,37,1,2,2,2,4,0,2,3,0,2,0,0,2,1,0,1
42,16989,1,2,53,2,0,0,3,8,4,0,2,0,2,0,1,1,0,0,0
38,10373,3,3,22,3,0,1,3,10,1,2,1,0,0,2,1,2,1,0,0
26,12789,1,3,23,4,2,3,4,8,0,3,1,0,2,2,1,3,0,0,1
8,12708,4,1,19,2,1,1,1,1,4,2,3,0,2,2,1,3,1,0,1
68,11328,1,1,22,4,0,1,2,8,3,3,0,1,2,2,2,2,0,0,1
6,2637,4,3,30,2,2,3,3,2,2,3,0,1,0,2,1,2,0,0,0
8,1786,2,1,45,2,1,2,3,3,2,2,1,0,1,2,0,2,1,0,1
53,16210,2,1,74,3,2,1,2,0,0,4,3,0,3,2,1,2,1,0,1
64,11871,2,1,60,1,0,2,1,0,0,3,0,0,2,1,2,2,0,0,1
59,16445,2,4,41,3,1,3,3,0,2,3,4,0,2,2,2,2,1,0,1
68,7552,1,4,43,4,1,1,3,8,0,3,1,0,2,2,0,1,1,0,1
10,4154,3,3,39,4,2,1,1,10,1,0,4,0,1,1,1,2,0,0,0
28,19243,1,1,70,2,2,1,2,7,3,3,3,0,2,2,0,1,1,0,1
53,16100,4,4,42,2,2,3,1,4,3,2,4,0,0,2,0,3,1,0,1
47,9136,1,3,43,1,1,2,2,4,1,4,0,0,2,2,1,2,1,0,1
46,6941,1,1,63,3,1,0,0,8,3,4,0,0,3,2,2,3,0,0,1
7,10167,4,2,73,4,0,3,2,2,3,3,2,0,2,1,1,1,1,0,1
72,12649,2,1,64,2,1,1,2,2,2,2,1,0,1,2,1,1,1,0,1
28,2298,2,1,50,1,0,0,2,6,0,1,3,0,1,2,0,2,1,0,1
70,10100,2,4,73,4,2,1,2,8,0,2,1,2,2,2,0,3,0,0,0
21,5995,3,3,50,2,2,1,3,5,1,2,4,0,3,2,1,2,1,0,0
22,10400,4,3,23,4,1,3,1,1,0,2,3,0,2,1,0,1,0,0,1
14,14173,4,4,54,1,2,0,1,0,0,3,3,0,1,2,1,0,1,0,1
49,11630,1,1,64,1,2,2,3,1,0,1,0,0,0,2,0,2,1,0,1
3,15722,3,2,60,4,1,1,1,0,1,4,4,0,2,0,1,1,0,0,1
16,1800,2,1,67,3,0,0,4,9,4,1,0,0,2,2,1,2,0,0,1
66,9935,3,1,60,4,1,3,3,9,0,4,0,1,3,2,0,2,1,1,0
40,19981,4,2,57,2,0,1,2,8,2,4,2,0,1,2,2,1,1,0,1
39,5116,4,4,34,3,1,1,4,9,2,3,0,0,2,0,1,1,0,0,0
13,16893,1,3,51,2,1,1,1,7,0,3,1,0,1,2,1,1,1,0,1
5,11117,1,4,67,4,2,3,2,6,4,2,3,0,2,2,1,3,1,0,1
35,6252,4,4,39,3,1,1,2,2,2,3,0,2,3,2,0,2,1,0,1
8,10352,2,1,27,2,1,0,2,7,1,2,1,0,0,1,1,3,1,0,0
52,6795,2,3,24,4,0,0,4,1,3,2,4,0,1,2,0,2,0,0,0
12,17956,3,3,69,4,2,1,1,1,0,3,3,0,2,2,0,3,1,0,1
7,3725,4,4,63,3,0,2,2,10,2,2,4,0,2,1,2,1,0,0,1
25,1816,4,2,53,4,0,1,2,9,0,3,1,0,0,2,1,2,0,0,1
12,12837,2,4,57,1,2,0,2,2,3,2,4,0,1,2,0,3,0,0,1
46,7307,2,2,40,2,2,0,1,6,1,2,4,0,2,1,1,3,1,0,1
4,4183,4,3,59,2,2,1,2,0,2,0,4,0,3,2,2,3,1,0,1
15,7727,1,4,72,4,1,3,3,7,0,0,0,1,0,2,0,3,0,1,0
42,3773,4,1,23,4,2,1,1,6,2,2,0,0,3,2,0,1,1,0,1
4,645,4,4,60,1,2,3,3,3,3,0,0,0,0,2,1,2,1,0,1
67,5510,2,3,41,3,2,1,2,4,1,1,3,0,0,0,0,2,1,0,1
65,16535,2,1,35,4,0,0,3,9,2,4,1,0,0,2,0,3,1,0,1
19,3540,1,1,30,4,0,3,3,0,1,0,0,0,3,2,1,2,0,0,0
11,10154,1,2,41,4,1,1,1,3,3,3,4,2,0,0,0,3,0,1,1
17,17366,3,1,34,4,0,2,2,0,1,2,4,0,2,2,1,2,1,0,1
26,18133,4,1,21,2,1,3,3,0,3,4,4,0,1,0,1,2,1,0,1
40,17514,2,4,48,4,0,0,2,9,3,2,4,2,3,2,1,2,0,0,0
37,15496,1,3,75,2,2,0,4,0,1,2,2,0,3,2,1,2,1,0,0
51,16836,3,2,40,4,0,2,2,6,0,3,3,1,2,2,1,2,1,0,1
71,9353,3,4,27,3,1,1,1,6,1,2,1,0,3,1,0,2,1,0,0
64,12195,2,1,47,1,0,0,2,3,3,3,1,0,2,2,0,3,0,0,1
62,3352,2,1,65,3,2,0,4,1,0,1,0,0,3,2,1,2,1,0,0
52,16514,3,2,55,4,1,0,2,2,1,4,2,1,1,2,0,2,1,0,1
11,1487,1,3,41,4,2,2,3,7,3,2,1,0,0,2,0,3,0,0,1
36,8122,3,2,31,4,2,0,3,7,1,2,3,0,2,1,2,2,0,0,0
37,9660,4,4,50,3,1,1,2,10,2,3,4,1,1,2,2,2,1,1,1
3,17984,4,2,64,4,2,2,1,10,0,2,0,0,1,2,0,1,1,0,1
42,7152,2,1,70,3,2,1,3,5,0,4,3,0,1,2,0,2,0,0,0
66,7921,1,4,65,2,0,0,2,9,3,2,1,0,1,2,1,2,0,0,0
24,1269,1,1,66,1,2,2,3,8,0,3,2,0,2,2,1,3,0,0,0
62,18227,4,3,41,1,2,0,2,10,0,1,0,0,0,1,0,2,0,0,1
66,14614,3,1,63,3,2,2,2,8,3,4,1,0,3,2,0,1,0,0,1
13,4858,2,1,35,2,2,3,3,3,1,3,0,2,3,2,1,2,1,0,1
16,12043,3,2,73,3,1,1,2,0,4,1,1,0,3,2,2,1,1,1,1
62,19233,3,1,58,2,0,1,2,0,4,1,4,0,1,2,1,2,1,0,1
32,6199,3,4,39,4,2,1,2,9,0,2,2,1,1,2,0,2,1,0,1
37,18125,1,4,20,2,2,1,2,4,0,4,4,0,3,0,1,2,0,0,1
39,1625,4,3,55,2,1,3,2,1,2,2,1,0,3,2,1,3,1,0,1
7,11293,1,4,24,2,2,3,3,5,1,2,3,0,2,2,0,2,0,0,0
28,7264,4,2,62,1,1,1,2,6,0,0,4,0,1,2,0,2,0,0,1
64,12823,2,3,36,2,0,2,2,0,2,2,3,1,2,2,0,1,0,0,1
6,13531,2,4,48,4,0,3,2,5,0,3,1,0,2,0,1,2,1,0,1
44,14552,3,2,40,4,2,3,1,7,3,4,2,0,1,2,1,3,0,0,0
20,13140,4,4,72,4,2,1,1,4,0,3,3,0,2,2,1,1,1,0,1
42,8343,4,4,51,2,2,1,4,6,0,4,1,0,3,2,1,2,0,0,0
41,14710,4,1,48,3,1,1,3,9,0,3,3,0,2,2,2,2,1,0,0
16,16956,3,4,35,3,2,3,2,5,4,0,4,0,1,2,1,1,1,1,1
34,10606,3,4,61,4,2,0,2,3,2,2,1,0,2,0,0,2,0,0,1
53,5689,2,2,50,1,0,1,0,6,3,3,4,1,3,2,0,1,0,0,1
40,2972,1,2,60,3,2,1,2,9,1,4,0,0,2,2,1,3,1,0,1
25,17591,4,1,69,2,0,1,2,8,1,4,1,0,2,2,0,2,1,0,1
65,18688,4,4,32,3,2,1,2,9,0,1,3,0,2,2,2,2,0,0,1
17,7204,1,1,28,4,0,3,2,9,1,1,0,1,2,2,0,3,0,0,1
27,4213,4,4,65,1,2,0,1,6,2,1,4,0,2,2,0,0,1,0,1
19,5551,3,3,69,3,0,1,1,4,2,4,4,0,1,0,1,2,1,0,1
68,11256,3,3,54,3,1,0,4,6,0,4,3,2,1,2,1,2,1,0,0
55,2975,4,1,52,4,0,0,2,2,4,4,0,2,1,1,1,1,0,0,0
53,4110,3,1,27,1,0,1,2,1,0,2,2,0,0,2,1,3,1,0,0
41,4755,3,1,60,1,0,1,1,10,4,3,3,0,0,2,0,1,0,1,0
53,14984,4,2,46,4,2,1,0,4,0,2,4,0,0,2,0,3,1,0,1
72,2235,2,2,29,2,2,1,3,3,1,2,1,1,3,2,2,2,1,0,0
8,8758,1,2,32,3,2,0,2,4,1,3,0,0,1,2,0,0,0,0,0
69,8479,3,1,57,2,1,1,2,7,1,0,2,2,0,2,0,2,1,0,1
9,2928,2,4,73,3,1,3,1,3,2,1,1,0,0,2,1,2,1,1,1
53,12845,3,3,65,3,0,3,3,8,1,4,0,0,2,2,0,2,1,1,0
44,7926,3,1,72,2,1,1,1,6,1,4,3,0,0,2,1,2,0,0,1
66,9033,1,2,37,4,0,1,1,9,2,2,3,0,1,2,1,1,0,0,1
17,5749,3,2,72,4,0,3,2,6,2,3,0,0,0,2,1,3,0,0,0
31,19701,1,1,33,3,0,0,1,7,3,2,2,0,3,0,1,2,0,0,1
35,10186,1,1,46,4,1,2,1,5,0,3,0,1,3,2,0,1,1,0,1
29,14609,1,2,42,3,2,3,2,7,2,4,1,0,3,0,1,3,1,0,1
38,1161,2,4,26,4,1,0,2,2,2,4,1,0,1,2,0,2,0,0,1
31,12575,4,2,61,3,0,0,3,9,1,3,3,0,2,0,0,1,0,1,0
40,15288,2,2,27,4,0,3,2,9,1,1,0,0,2,0,1,2,0,0,0
59,10560,4,1,65,1,1,1,1,0,1,2,3,0,1,2,0,2,1,0,1
29,16336,4,4,51,2,0,0,1,5,0,2,2,0,1,2,1,1,1,0,0
57,11026,1,2,51,1,0,1,4,0,0,2,1,1,0,2,1,2,1,0,0
35,3874,3,2,37,2,1,1,2,8,0,4,4,0,2,2,1,3,1,0,1
70,707,1,3,21,2,1,2,3,1,2,2,4,0,0,2,1,1,1,0,1
68,3165,3,1,28,3,1,2,0,10,2,1,0,0,1,2,0,2,1,0,1
12,19377,4,3,58,2,0,3,2,1,4,2,0,0,1,2,0,2,0,0,1
7,1132,1,3,65,1,0,1,0,6,2,4,4,0,2,2,0,2,1,0,1
40,3583,3,2,60,1,2,1,2,1,0,1,0,2,3,2,0,3,0,0,1
15,14211,2,1,19,4,2,1,4,9,3,3,1,1,2,2,0,2,0,0,1
33,10623,3,4,47,1,1,1,4,7,3,2,2,0,2,1,0,1,1,0,0
49,7623,1,2,68,4,2,0,2,5,1,0,2,0,1,2,1,2,0,0,1
54,11254,2,4,52,2,0,3,2,6,2,2,3,1,0,0,1,1,1,0,1
58,2179,3,4,69,1,2,3,4,6,4,3,1,0,1,2,1,2,1,1,0
17,16401,3,1,31,2,0,1,2,5,1,3,0,0,3,2,1,0,0,0,1
31,736,3,3,72,1,1,2,1,9,4,4,0,0,3,2,1,2,0,0,1
10,7946,3,1,19,1,1,0,2,10,0,2,3,0,2,2,1,2,1,0,1
7,4943,3,4,52,4,0,1,1,8,0,0,3,2,0,2,1,2,0,0,1
31,15963,2,2,47,2,2,2,2,8,1,4,0,0,0,2,0,2,0,0,0
49,9055,4,4,66,1,1,1,2,6,2,2,0,0,1,2,1,1,1,0,0
70,19252,2,2,65,3,1,3,2,8,3,3,1,0,3,2,1,3,1,0,1
47,17169,2,2,31,2,2,2,2,9,4,4,3,1,2,2,0,2,0,1,1
4,648,2,1,66,2,2,1,1,2,1,2,1,0,3,2,0,3,0,0,1
29,13895,4,4,67,2,0,2,2,2,0,3,0,0,2,2,0,2,1,0,0
38,5395,1,3,71,4,2,0,3,0,3,1,4,0,0,1,1,3,0,0,0
38,17896,4,4,47,3,2,1,2,4,2,2,4,0,0,2,1,1,0,0,1
28,11523,2,4,57,2,2,1,2,3,0,1,0,0,0,2,0,2,1,0,1
45,11199,3,3,42,1,0,1,4,1,1,4,3,0,2,2,0,2,0,0,0
29,10215,3,1,44,1,0,2,4,8,2,1,4,0,0,2,2,2,1,0,1
71,19669,2,4,35,4,1,1,1,2,3,3,3,0,2,2,0,2,1,0,0
22,16663,3,4,25,1,0,2,0,7,1,4,4,2,2,2,0,2,0,0,0
13,6282,2,2,31,2,1,1,3,5,1,3,3,0,1,2,0,2,0,0,0
40,19292,3,4,23,1,2,1,3,4,4,3,4,0,0,2,1,1,1,0,0
8,17224,4,3,44,2,1,2,4,0,2,2,3,0,0,1,1,1,1,0,0
25,3317,1,2,67,1,1,0,3,3,1,2,1,0,2,2,1,2,0,0,0
49,15596,1,1,21,3,2,0,2,2,0,2,3,0,1,2,2,0,0,0,1
48,19380,4,2,25,4,1,1,2,0,2,3,1,2,1,0,1,2,1,1,1
14,5799,4,3,67,4,0,1,0,4,0,4,1,1,3,0,0,1,0,0,0
15,10417,2,3,57,3,0,0,1,5,0,4,0,0,2,2,1,1,1,0,1
64,18573,2,2,71,3,0,2,2,1,1,4,1,0,1,2,0,2,0,0,0
62,3767,2,1,19,4,0,1,2,2,0,4,2,0,2,2,1,2,0,0,1
45,4906,3,2,67,3,1,1,2,10,2,2,1,0,3,2,0,3,1,0,1
70,18326,2,1,35,2,1,3,3,5,0,3,3,0,2,2,1,2,0,0,1
7,10882,4,2,61,1,2,1,1,3,2,4,1,0,1,0,0,3,0,0,0
39,4937,1,3,43,4,1,3,2,8,0,2,3,2,1,2,1,2,0,0,0
33,5935,3,4,21,3,1,0,1,4,0,4,3,0,2,2,0,3,1,0,1
11,4607,2,4,33,2,1,1,2,3,0,2,2,0,1,2,1,3,0,0,1
53,1060,3,1,47,4,2,3,3,1,4,3,1,1,2,0,0,2,1,0,1
31,12829,3,1,71,3,0,1,2,5,3,3,1,0,3,2,2,2,1,0,1
42,2326,2,1,61,4,1,2,4,9,0,4,4,0,3,2,1,1,1,0,0
43,11921,3,3,50,3,2,1,1,1,3,1,4,0,1,2,0,1,1,1,1
13,12765,1,2,44,4,2,0,2,6,2,3,0,0,0,2,2,3,0,0,1
25,8129,4,3,34,2,2,1,2,2,4,3,3,2,1,2,0,3,0,1,0
3,8825,4,4,43,2,0,1,2,8,1,2,2,2,2,1,1,2,0,0,1
48,8193,1,1,72,1,1,3,3,10,2,4,4,2,1,0,1,3,0,0,1
23,8764,3,2,46,4,2,0,2,4,0,3,1,1,0,2,0,3,0,0,1
38,13186,2,4,27,1,0,3,3,7,1,3,0,0,0,2,2,2,0,0,0
56,14216,3,4,74,4,2,3,1,10,4,2,2,2,1,2,0,2,1,0,1
59,7221,1,4,74,3,2,0,3,5,1,2,1,2,0,1,0,2,1,1,1
3,19862,3,3,19,3,2,1,1,9,0,3,1,0,0,2,1,2,0,0,1
65,7873,4,1,47,1,2,3,3,7,0,2,3,0,2,0,1,0,0,0,0
56,6407,3,4,75,4,2,3,2,10,2,1,3,0,0,0,0,2,0,0,1
57,16627,1,1,40,1,0,1,2,2,2,4,4,0,0,2,0,2,0,0,1
42,6156,4,3,34,2,1,1,2,2,1,3,4,0,3,2,1,2,0,0,1
17,9484,3,4,59,1,1,1,4,4,4,3,1,2,3,0,0,3,1,0,1
23,8786,3,3,69,1,1,2,0,10,0,2,1,2,1,0,2,2,0,0,1
49,6401,4,3,62,3,1,1,2,9,1,2,4,0,0,2,1,1,0,0,1
55,5417,2,1,69,1,0,2,3,2,4,2,4,0,2,2,0,3,0,0,0
11,8929,4,4,72,4,0,0,2,7,1,2,1,1,1,2,0,2,1,0,1
54,15216,2,3,59,3,0,0,1,9,0,3,2,0,0,2,1,1,1,0,0
59,16295,1,4,25,1,2,1,2,7,1,3,1,0,0,2,0,2,1,0,1
28,11638,1,1,32,2,2,1,2,1,3,2,2,0,0,0,1,2,1,0,1
43,3030,4,3,47,1,2,1,4,3,0,1,2,1,2,1,2,3,0,0,1
37,18844,4,1,37,1,1,1,3,9,4,2,1,2,3,2,1,2,0,0,0
65,17932,1,4,37,1,2,1,2,0,3,1,0,0,2,0,1,1,1,0,1
27,6272,2,4,20,3,1,0,4,3,0,1,4,0,1,2,0,2,1,0,1
40,15976,1,1,59,4,2,1,2,10,2,4,3,2,1,2,1,3,0,0,1
4,19413,4,2,63,2,1,3,1,3,1,3,1,0,2,2,1,2,0,0,1
9,16251,1,3,33,1,2,1,1,9,1,3,2,0,1,2,1,3,1,0,0
36,3464,4,4,21,4,2,1,2,8,3,2,1,0,0,2,0,2,0,1,1
19,7637,4,4,29,4,0,1,1,2,4,4,4,0,2,0,1,3,1,0,0
45,17847,1,3,71,3,2,3,4,1,0,3,2,0,3,2,0,3,0,0,0
61,17420,2,1,64,2,2,0,3,8,1,4,3,0,1,0,1,2,0,0,0
53,14391,3,1,48,3,0,2,1,8,1,2,3,2,3,2,1,2,1,0,1
56,7840,1,1,75,4,1,2,2,0,1,4,3,0,1,2,1,3,1,0,1
26,8467,3,2,58,4,0,2,3,5,1,4,0,1,1,1,0,2,0,0,0
27,12915,1,2,36,4,0,0,4,9,0,4,2,1,0,2,1,3,0,0,0
54,12371,3,4,69,3,1,2,3,7,2,1,2,0,2,0,0,2,0,0,0
72,12416,2,1,66,2,2,0,2,2,1,2,0,0,3,2,1,1,1,0,0
35,9234,2,3,20,1,1,1,3,10,0,2,2,0,2,2,0,2,1,0,1
51,1345,1,4,50,3,2,2,2,8,3,2,0,1,0,1,0,2,0,0,0
31,19920,4,3,26,4,2,0,2,1,3,4,1,0,0,0,0,2,0,0,1
65,2994,3,4,40,3,1,2,1,5,1,0,4,0,2,2,1,2,1,0,0
24,13177,4,2,24,4,0,0,1,0,0,0,3,0,1,2,1,2,1,0,0
28,19603,4,4,30,1,1,2,2,6,2,2,0,0,1,0,1,3,1,0,1
30,18768,4,2,65,1,2,1,1,2,0,1,0,2,3,2,1,1,0,0,0
51,12830,2,4,75,2,1,0,0,6,0,1,0,0,2,2,1,2,0,0,1
51,5679,1,1,58,4,1,0,3,3,2,4,1,0,1,0,0,3,1,0,1
22,7110,1,3,54,2,2,3,0,8,0,3,0,0,0,2,1,2,1,0,0
65,6930,2,1,33,2,0,0,2,4,0,0,4,1,0,2,1,2,1,0,0
63,7654,2,4,46,1,1,0,2,2,0,2,4,0,2,2,0,2,0,0,1
51,14328,1,4,70,3,2,1,4,7,0,2,3,0,3,2,0,2,1,0,0
3,10645,4,4,75,3,2,2,2,5,0,1,1,0,2,0,0,1,1,0,1
15,6988,3,2,67,2,1,1,1,1,4,3,4,0,1,2,0,2,1,0,1
53,4350,3,3,63,1,0,0,2,2,0,3,2,1,0,2,0,3,0,0,1
58,17573,3,3,36,4,1,1,3,7,0,3,2,1,3,1,0,2,1,0,0
64,14064,4,4,20,3,0,0,4,9,0,3,2,1,3,0,1,0,1,1,0
34,5578,1,4,31,2,0,0,2,6,4,0,0,0,1,2,0,3,1,0,0
32,12668,2,2,63,3,0,1,2,9,1,4,0,1,0,2,0,2,1,0,1
31,5948,1,1,72,3,0,2,4,5,1,4,2,0,1,2,2,1,1,0,1
51,18063,4,1,33,4,1,0,1,0,3,4,3,2,3,2,1,3,1,0,1
47,9574,2,3,38,1,2,1,2,8,1,0,3,0,2,2,0,1,0,0,0
32,6906,4,2,47,4,2,1,2,2,1,4,0,0,2,2,1,3,1,0,1
18,9300,3,4,60,1,2,3,0,4,0,4,2,0,0,1,0,2,1,0,1
42,14583,3,3,47,3,2,3,2,6,1,4,3,0,0,1,0,2,0,0,1
21,2138,4,2,21,2,2,2,1,6,1,0,0,0,0,2,0,2,0,0,1
20,10840,2,1,37,4,2,0,2,2,2,3,2,1,3,2,2,2,0,0,1
3,1882,2,2,21,1,1,0,4,3,0,4,1,0,1,2,1,2,1,0,1
49,1903,1,1,72,3,0,1,1,9,2,3,2,2,2,2,1,3,0,0,1
68,9511,3,2,32,1,2,1,3,6,0,3,2,0,0,2,2,3,1,0,0
40,3792,1,3,58,1,1,1,1,7,0,4,4,0,3,1,2,2,1,0,1
53,9511,1,1,73,1,2,2,2,1,1,2,4,1,3,2,1,3,1,0,1
65,919,4,3,22,3,2,3,1,8,4,3,1,0,0,2,1,2,0,1,1
6,12911,4,3,70,2,0,2,4,6,1,2,1,0,3,0,0,1,1,0,1
3,5017,1,1,29,2,0,1,3,7,2,4,2,1,1,2,0,0,1,0,0
10,15922,3,1,49,2,0,2,2,5,0,0,3,0,0,2,1,2,0,0,1
31,10200,4,4,61,1,2,1,3,5,0,3,1,0,1,2,1,3,1,0,0
57,6193,1,4,50,3,2,0,2,8,0,3,2,1,3,2,2,2,1,0,1
5,1267,1,4,45,1,2,2,4,3,1,4,0,0,3,1,1,3,0,0,1
34,18928,1,3,48,2,0,0,3,10,0,3,4,1,1,2,1,2,1,0,0
12,15318,1,3,61,2,1,1,4,10,0,4,3,0,2,2,1,2,0,0,1
36,2049,1,4,20,3,2,1,2,4,3,4,2,0,2,2,0,1,1,0,1
57,10456,1,3,67,1,2,2,1,8,0,0,0,0,3,2,1,3,1,0,0
34,6640,4,3,27,4,2,2,2,0,2,2,4,0,1,2,1,1,0,0,1
52,11337,3,1,46,4,1,1,1,3,1,0,0,0,1,1,1,2,1,0,0
9,4216,1,1,49,2,2,2,2,6,1,2,2,1,2,2,1,2,1,0,1
10,4981,2,3,52,3,1,1,2,10,2,3,1,0,0,2,0,2,1,0,1
67,7048,4,4,74,1,2,1,2,8,1,4,4,0,1,2,1,2,0,0,1
59,19177,4,2,33,1,1,2,0,10,0,4,0,0,2,0,1,1,0,0,1
69,5337,1,4,66,2,2,2,1,9,2,1,1,0,1,2,1,3,0,0,1
61,8258,4,2,43,2,0,3,2,5,3,0,3,0,3,2,1,2,1,0,1
56,11400,1,4,54,1,0,0,4,7,0,3,2,0,0,2,0,2,0,0,0
69,8493,3,1,26,1,0,2,2,8,0,3,2,0,3,2,0,2,1,0,1
53,6042,3,3,27,2,0,2,2,9,3,2,4,0,0,2,0,2,1,0,1
10,15328,4,3,55,1,2,3,3,3,1,4,0,0,0,2,1,3,1,0,0
36,16552,4,1,66,4,0,0,2,0,2,4,3,0,1,2,1,1,1,0,1
37,2885,2,2,63,2,1,2,1,7,1,2,4,0,2,2,1,1,1,0,1
34,14808,4,2,57,1,0,1,2,1,0,4,4,0,2,2,0,1,0,0,1
48,1171,2,2,50,2,0,1,1,10,2,2,0,0,0,2,0,3,0,0,1
18,663,3,1,70,3,0,1,4,0,1,3,3,2,0,2,1,3,0,0,0
70,9156,3,2,35,2,2,1,1,6,0,2,0,1,2,2,1,2,0,0,1
39,11734,1,1,53,2,0,1,2,9,1,1,2,0,1,2,1,2,1,0,1
56,5295,3,4,55,3,1,3,0,8,3,4,1,0,2,2,1,0,0,0,1
16,11134,2,4,37,4,0,1,1,10,2,2,2,2,0,1,1,1,1,0,1
57,5298,4,1,62,1,0,2,3,8,0,3,2,0,2,2,0,2,0,0,0
50,19239,1,3,47,3,0,1,1,2,1,2,4,0,2,1,2,1,0,0,0
9,11249,2,4,25,2,1,0,1,5,2,0,2,0,3,2,0,2,1,0,1
